symbol,name,market,industry
A,บริษัท อารียา พรอพเพอร์ตี้ จำกัด (มหาชน),SET,อสังหาริมทรัพย์และก่อสร้าง/พัฒนาอสังหาริมทรัพย์
A5,บริษัท แอสเซท ไฟว์ กรุ๊ป จำกัด (มหาชน),mai,บริการ
AAV,บริษัท เอเชีย เอวิเอชั่น จำกัด (มหาชน),SET,บริการ/ขนส่งและโลจิสติกส์
ABICO,บริษัท เอบิโก้ โฮลดิ้งส์ จำกัด (มหาชน),mai,เกษตรและอุตสาหกรรมอาหาร
ABM,บริษัท เอเชีย ไบโอแมส จำกัด (มหาชน),mai,ทรัพยากร
ABPIF,กองทุนรวมโครงสร้างพื้นฐานโรงไฟฟ้า อมตะ บี.กริม เพาเวอร์,SET,ทรัพยากร/พลังงานและสาธารณูปโภค
ACAP,บริษัท เอเชีย แคปปิตอล กรุ๊ป จำกัด (มหาชน),mai,ธุรกิจการเงิน
ACC,บริษัท แอดวานซ์ คอนเนคชั่น คอร์ปอเรชั่น จำกัด (มหาชน),SET,ทรัพยากร/พลังงานและสาธารณูปโภค
ACE,บริษัท แอ๊บโซลูท คลีน เอ็นเนอร์จี้ จำกัด (มหาชน),SET,ทรัพยากร/พลังงานและสาธารณูปโภค
ACG,บริษัท ออโตคอร์ป โฮลดิ้ง จำกัด (มหาชน),SET,สินค้าอุตสาหกรรม/ยานยนต์
ADB,บริษัท แอ็พพลาย ดีบี จำกัด (มหาชน),mai,สินค้าอุตสาหกรรม
ADD,บริษัท แอดเทค ฮับ จำกัด (มหาชน),mai,บริการ
ADVANC,บริษัท แอดวานซ์ อินโฟร์ เซอร์วิส จำกัด (มหาชน),SET,เทคโนโลยี/เทคโนโลยีสารสนเทศและการสื่อสาร
AEONTS,บริษัท อิออน ธนสินทรัพย์ (ไทยแลนด์) จำกัด (มหาชน),SET,ธุรกิจการเงิน/เงินทุนและหลักทรัพย์
AF,บริษัท ไอร่า แฟคตอริ่ง จำกัด (มหาชน),mai,ธุรกิจการเงิน
AFC,บริษัท เอเซียไฟเบอร์ จำกัด (มหาชน),SET,สินค้าอุปโภคบริโภค/แฟชั่น
AGE,บริษัท เอเชีย กรีน เอนเนอจี จำกัด (มหาชน),SET,ทรัพยากร/พลังงานและสาธารณูปโภค
AH,บริษัท อาปิโก ไฮเทค จำกัด (มหาชน),SET,สินค้าอุตสาหกรรม/ยานยนต์
AHC,บริษัท โรงพยาบาลเอกชล จำกัด (มหาชน),SET,บริการ/การแพทย์
AI,บริษัท เอเชียน อินซูเลเตอร์ จำกัด (มหาชน),SET,ทรัพยากร/พลังงานและสาธารณูปโภค
AIE,บริษัท เอไอ เอนเนอร์จี จำกัด (มหาชน),mai,ทรัพยากร
AIMCG,ทรัสต์เพื่อการลงทุนในอสังหาริมทรัพย์และสิทธิการเช่าอสังหาริมทรัพย์ เอไอเอ็ม คอมเมอร์เชียล โกรท,SET,อสังหาริมทรัพย์และก่อสร้าง/กองทุนรวมอสังหาริมทรัพย์และกองทรัสต์เพื่อการลงทุนในอสังหาริมทรัพย์
AIMIRT,ทรัสต์เพื่อการลงทุนในอสังหาริมทรัพย์และสิทธิการเช่าอสังหาริมทรัพย์ เอไอเอ็ม อินดัสเทรียล โกรท,SET,อสังหาริมทรัพย์และก่อสร้าง/กองทุนรวมอสังหาริมทรัพย์และกองทรัสต์เพื่อการลงทุนในอสังหาริมทรัพย์
AIRA,บริษัท ไอร่า แคปปิตอล จำกัด (มหาชน),mai,ธุรกิจการเงิน
AIT,บริษัท แอ็ดวานซ์ อินฟอร์เมชั่น เทคโนโลยี จำกัด (มหาชน),SET,เทคโนโลยี/เทคโนโลยีสารสนเทศและการสื่อสาร
AJ,บริษัท เอ.เจ.พลาสท์ จำกัด (มหาชน),SET,สินค้าอุตสาหกรรม/บรรจุภัณฑ์
AJA,บริษัท เอเจ แอดวานซ์ เทคโนโลยี จำกัด (มหาชน),SET,สินค้าอุปโภคบริโภค/ของใช้ในครัวเรือนและสำนักงาน
AKP,บริษัท อัคคีปราการ จำกัด (มหาชน),mai,บริการ
AKR,บริษัท เอกรัฐวิศวกรรม จำกัด (มหาชน),SET,ทรัพยากร/พลังงานและสาธารณูปโภค
ALL,บริษัท ออลล์ อินสไปร์ ดีเวลลอปเม้นท์ จำกัด (มหาชน),mai,อสังหาริมทรัพย์และก่อสร้าง
ALLA,บริษัท ออลล่า จำกัด (มหาชน),SET,สินค้าอุตสาหกรรม/วัสดุอุตสาหกรรมและเครื่องจักร
ALLY,ทรัสต์เพื่อการลงทุนในสิทธิการเช่าอสังหาริมทรัพย์ อัลไล,SET,อสังหาริมทรัพย์และก่อสร้าง/กองทุนรวมอสังหาริมทรัพย์และกองทรัสต์เพื่อการลงทุนในอสังหาริมทรัพย์
ALT,บริษัท เอแอลที เทเลคอม จำกัด (มหาชน),SET,เทคโนโลยี/เทคโนโลยีสารสนเทศและการสื่อสาร
ALUCON,บริษัท อลูคอน จำกัด (มหาชน),SET,สินค้าอุตสาหกรรม/บรรจุภัณฑ์
AMA,บริษัท อาม่า มารีน จำกัด (มหาชน),mai,บริการ
AMANAH,บริษัท อะมานะฮ์ ลิสซิ่ง จำกัด (มหาชน),SET,ธุรกิจการเงิน/เงินทุนและหลักทรัพย์
AMARIN,บริษัท อมรินทร์พริ้นติ้ง แอนด์ พับลิชชิ่ง จำกัด (มหาชน),SET,บริการ/สื่อและสิ่งพิมพ์
AMATA,บริษัท อมตะ คอร์ปอเรชัน จำกัด (มหาชน),SET,อสังหาริมทรัพย์และก่อสร้าง/พัฒนาอสังหาริมทรัพย์
AMATAR,ทรัสต์เพื่อการลงทุนในอสังหาริมทรัพย์และสิทธิการเช่าอมตะซัมมิทโกรท,SET,อสังหาริมทรัพย์และก่อสร้าง/กองทุนรวมอสังหาริมทรัพย์และกองทรัสต์เพื่อการลงทุนในอสังหาริมทรัพย์
AMATAV,บริษัท อมตะ วีเอ็น จำกัด (มหาชน),SET,อสังหาริมทรัพย์และก่อสร้าง/พัฒนาอสังหาริมทรัพย์
AMC,บริษัท เอเซีย เมทัล จำกัด (มหาชน),SET,สินค้าอุตสาหกรรม/เหล็ก และ ผลิตภัณฑ์โลหะ
AMR,บริษัท เอเอ็มอาร์ เอเซีย จำกัด (มหาชน),SET,เทคโนโลยี/เทคโนโลยีสารสนเทศและการสื่อสาร
ANAN,บริษัท อนันดา ดีเวลลอปเม้นท์ จำกัด (มหาชน),SET,อสังหาริมทรัพย์และก่อสร้าง/พัฒนาอสังหาริมทรัพย์
AOT,บริษัท ท่าอากาศยานไทย จำกัด (มหาชน),SET,บริการ/ขนส่งและโลจิสติกส์
AP,บริษัท เอพี (ไทยแลนด์) จำกัด (มหาชน),SET,อสังหาริมทรัพย์และก่อสร้าง/พัฒนาอสังหาริมทรัพย์
APCO,บริษัท เอเชียน ไฟย์โตซูติคอลส์ จำกัด (มหาชน),SET,สินค้าอุปโภคบริโภค/ของใช้ส่วนตัวและเวชภัณฑ์
APCS,บริษัท เอเซีย พรีซิชั่น จำกัด (มหาชน),SET,อสังหาริมทรัพย์และก่อสร้าง/บริการรับเหมาก่อสร้าง
APEX,บริษัท เอเพ็กซ์ ดีเวลลอปเม้นท์ จำกัด (มหาชน),SET,อสังหาริมทรัพย์และก่อสร้าง/พัฒนาอสังหาริมทรัพย์
APP,บริษัท แอพพลิแคด จำกัด (มหาชน),mai,เทคโนโลยี
APURE,บริษัท อกริเพียว โฮลดิ้งส์ จำกัด (มหาชน),SET,เกษตรและอุตสาหกรรมอาหาร/อาหารและเครื่องดื่ม
AQ,บริษัท เอคิว เอสเตท จำกัด (มหาชน),SET,อสังหาริมทรัพย์และก่อสร้าง/พัฒนาอสังหาริมทรัพย์
AQUA,บริษัท อควา คอร์เปอเรชั่น จำกัด (มหาชน),SET,บริการ/สื่อและสิ่งพิมพ์
ARIN,บริษัท อรินสิริ แลนด์ จำกัด (มหาชน),mai,อสังหาริมทรัพย์และก่อสร้าง
ARIP,บริษัท เออาร์ไอพี จำกัด (มหาชน),mai,บริการ
ARROW,บริษัท แอร์โรว์ ซินดิเคท จำกัด (มหาชน),mai,อสังหาริมทรัพย์และก่อสร้าง
AS,บริษัท เอเชียซอฟท์ คอร์ปอเรชั่น จำกัด (มหาชน),SET,บริการ/สื่อและสิ่งพิมพ์
ASAP,บริษัท ซินเนอร์เจติค ออโต้ เพอร์ฟอร์มานซ์ จำกัด (มหาชน),SET,ธุรกิจการเงิน/เงินทุนและหลักทรัพย์
ASEFA,บริษัท อาซีฟา จำกัด (มหาชน),SET,สินค้าอุตสาหกรรม/วัสดุอุตสาหกรรมและเครื่องจักร
ASIA,บริษัท เอเชียโฮเต็ล จำกัด (มหาชน),SET,บริการ/การท่องเที่ยวและสันทนาการ
ASIAN,บริษัท เอเชี่ยนซี คอร์ปอเรชั่น จำกัด (มหาชน),SET,เกษตรและอุตสาหกรรมอาหาร/อาหารและเครื่องดื่ม
ASIMAR,บริษัท เอเชียน มารีน เซอร์วิสส์ จำกัด (มหาชน),SET,บริการ/ขนส่งและโลจิสติกส์
ASK,บริษัท เอเซียเสริมกิจลีสซิ่ง จำกัด (มหาชน),SET,ธุรกิจการเงิน/เงินทุนและหลักทรัพย์
ASN,บริษัท เอเอสเอ็น โบรกเกอร์ จำกัด (มหาชน),mai,ธุรกิจการเงิน
ASP,บริษัท เอเซีย พลัส กรุ๊ป โฮลดิ้งส์ จำกัด (มหาชน),SET,ธุรกิจการเงิน/เงินทุนและหลักทรัพย์
ASW,บริษัท แอสเซทไวส์ จำกัด (มหาชน),SET,อสังหาริมทรัพย์และก่อสร้าง/พัฒนาอสังหาริมทรัพย์
ATP30,บริษัท เอทีพี 30 จำกัด (มหาชน),mai,บริการ
AU,บริษัท อาฟเตอร์ ยู จำกัด (มหาชน),mai,เกษตรและอุตสาหกรรมอาหาร
AUCT,บริษัท สหการประมูล จำกัด (มหาชน),mai,บริการ
AWC,บริษัท แอสเสท เวิรด์ คอร์ป จำกัด (มหาชน),SET,อสังหาริมทรัพย์และก่อสร้าง/พัฒนาอสังหาริมทรัพย์
AYUD,บริษัท อลิอันซ์ อยุธยา แคปปิตอล จำกัด (มหาชน),SET,ธุรกิจการเงิน/ประกันภัยและประกันชีวิต
B,บริษัท บี จิสติกส์ จำกัด (มหาชน),SET,บริการ/ขนส่งและโลจิสติกส์
B-WORK,ทรัสต์เพื่อการลงทุนในสิทธิการเช่าอสังหาริมทรัพย์บัวหลวง ออฟฟิศ,SET,อสังหาริมทรัพย์และก่อสร้าง/กองทุนรวมอสังหาริมทรัพย์และกองทรัสต์เพื่อการลงทุนในอสังหาริมทรัพย์
B52,บริษัท บี-52 แคปปิตอล จำกัด (มหาชน),SET,บริการ/พาณิชย์
BA,บริษัท การบินกรุงเทพ จำกัด (มหาชน),SET,บริการ/ขนส่งและโลจิสติกส์
BAFS,บริษัท บริการเชื้อเพลิงการบินกรุงเทพ จำกัด (มหาชน),SET,ทรัพยากร/พลังงานและสาธารณูปโภค
BAM,บริษัทบริหารสินทรัพย์ กรุงเทพพาณิชย์ จำกัด (มหาชน),SET,ธุรกิจการเงิน/เงินทุนและหลักทรัพย์
BANPU,บริษัท บ้านปู จำกัด (มหาชน),SET,ทรัพยากร/พลังงานและสาธารณูปโภค
BAY,ธนาคารกรุงศรีอยุธยา จำกัด (มหาชน),SET,ธุรกิจการเงิน/ธนาคาร
BBL,ธนาคารกรุงเทพ จำกัด (มหาชน),SET,ธุรกิจการเงิน/ธนาคาร
BC,บริษัท บูทิค คอร์ปอเรชั่น จำกัด (มหาชน),mai,อสังหาริมทรัพย์และก่อสร้าง
BCH,บริษัท บางกอก เชน ฮอสปิทอล จำกัด (มหาชน),SET,บริการ/การแพทย์
BCP,บริษัท บางจาก คอร์ปอเรชั่น จำกัด (มหาชน),SET,ทรัพยากร/พลังงานและสาธารณูปโภค
BCPG,บริษัท บีซีพีจี จำกัด (มหาชน),SET,ทรัพยากร/พลังงานและสาธารณูปโภค
BCT,บริษัท เบอร์ล่า คาร์บอน (ไทยแลนด์) จำกัด (มหาชน),SET,สินค้าอุตสาหกรรม/ปิโตรเคมีและเคมีภัณฑ์
BDMS,บริษัท กรุงเทพดุสิตเวชการ จำกัด(มหาชน),SET,บริการ/การแพทย์
BEAUTY,บริษัท บิวตี้ คอมมูนิตี้ จำกัด (มหาชน),SET,บริการ/พาณิชย์
BEC,บริษัท บีอีซี เวิลด์ จำกัด (มหาชน),SET,บริการ/สื่อและสิ่งพิมพ์
BEM,บริษัท ทางด่วนและรถไฟฟ้ากรุงเทพ จำกัด (มหาชน),SET,บริการ/ขนส่งและโลจิสติกส์
BFIT,บริษัทเงินทุน ศรีสวัสดิ์ จำกัด (มหาชน),SET,ธุรกิจการเงิน/เงินทุนและหลักทรัพย์
BGC,บริษัท บีจี คอนเทนเนอร์ กล๊าส จำกัด (มหาชน),SET,สินค้าอุตสาหกรรม/บรรจุภัณฑ์
BGRIM,บริษัท บี.กริม เพาเวอร์ จำกัด (มหาชน),SET,ทรัพยากร/พลังงานและสาธารณูปโภค
BGT,บริษัท บีจีที คอร์ปอเรชั่น จำกัด (มหาชน),mai,สินค้าอุปโภคบริโภค
BH,บริษัท โรงพยาบาลบำรุงราษฎร์ จำกัด (มหาชน),SET,บริการ/การแพทย์
BIG,บริษัท บิ๊ก คาเมร่า คอร์ปอเรชั่น จำกัด (มหาชน),SET,บริการ/พาณิชย์
BIZ,บริษัท บิสซิเนสอะไลเม้นท์ จำกัด (มหาชน),mai,สินค้าอุปโภคบริโภค
BJC,บริษัท เบอร์ลี่ ยุคเกอร์ จำกัด (มหาชน),SET,บริการ/พาณิชย์
BJCHI,บริษัท บีเจซี เฮฟวี่ อินดัสทรี จำกัด (มหาชน),SET,อสังหาริมทรัพย์และก่อสร้าง/บริการรับเหมาก่อสร้าง
BKD,บริษัท บางกอก เดค-คอน จำกัด (มหาชน),SET,อสังหาริมทรัพย์และก่อสร้าง/บริการรับเหมาก่อสร้าง
BKI,บริษัท กรุงเทพประกันภัย จำกัด (มหาชน),SET,ธุรกิจการเงิน/ประกันภัยและประกันชีวิต
BKKCP,กองทุนรวมอสังหาริมทรัพย์บางกอก,SET,อสังหาริมทรัพย์และก่อสร้าง/กองทุนรวมอสังหาริมทรัพย์และกองทรัสต์เพื่อการลงทุนในอสังหาริมทรัพย์
BLA,บริษัท กรุงเทพประกันชีวิต จำกัด (มหาชน),SET,ธุรกิจการเงิน/ประกันภัยและประกันชีวิต
BLAND,บริษัท บางกอกแลนด์ จำกัด (มหาชน),SET,อสังหาริมทรัพย์และก่อสร้าง/พัฒนาอสังหาริมทรัพย์
BLISS,บริษัท บลิส อินเทลลิเจนซ์ จำกัด (มหาชน),SET,เทคโนโลยี/เทคโนโลยีสารสนเทศและการสื่อสาร
BM,บริษัท บางกอกชีทเม็ททัล จำกัด (มหาชน),mai,สินค้าอุตสาหกรรม
BOFFICE,ทรัสต์เพื่อการลงทุนในสิทธิการเช่าอสังหาริมทรัพย์ภิรัชออฟฟิศ,SET,อสังหาริมทรัพย์และก่อสร้าง/กองทุนรวมอสังหาริมทรัพย์และกองทรัสต์เพื่อการลงทุนในอสังหาริมทรัพย์
BOL,บริษัท บิซิเนส ออนไลน์ จำกัด (มหาชน),mai,บริการ
BPP,บริษัท บ้านปู เพาเวอร์ จำกัด (มหาชน),SET,ทรัพยากร/พลังงานและสาธารณูปโภค
BR,บริษัท บางกอกแร้นช์ จำกัด (มหาชน),SET,เกษตรและอุตสาหกรรมอาหาร/อาหารและเครื่องดื่ม
BROCK,บริษัท บ้านร็อคการ์เด้น จำกัด (มหาชน),SET,อสังหาริมทรัพย์และก่อสร้าง/พัฒนาอสังหาริมทรัพย์
BROOK,บริษัท บรุ๊คเคอร์ กรุ๊ป จำกัด (มหาชน),mai,ธุรกิจการเงิน
BRR,บริษัท น้ำตาลบุรีรัมย์ จำกัด (มหาชน),SET,เกษตรและอุตสาหกรรมอาหาร/อาหารและเครื่องดื่ม
BRRGIF,กองทุนรวมโครงสร้างพื้นฐานโรงไฟฟ้ากลุ่มน้ำตาลบุรีรัมย์,SET,ทรัพยากร/พลังงานและสาธารณูปโภค
BSBM,บริษัท บางสะพานบาร์มิล จำกัด (มหาชน),SET,สินค้าอุตสาหกรรม/เหล็ก และ ผลิตภัณฑ์โลหะ
BSM,บริษัท บิวเดอสมาร์ท จำกัด (มหาชน),mai,อสังหาริมทรัพย์และก่อสร้าง
BTNC,บริษัท บูติคนิวซิตี้ จำกัด (มหาชน),SET,สินค้าอุปโภคบริโภค/แฟชั่น
BTS,บริษัท บีทีเอส กรุ๊ป โฮลดิ้งส์ จำกัด (มหาชน),SET,บริการ/ขนส่งและโลจิสติกส์
BTSGIF,กองทุนรวมโครงสร้างพื้นฐานระบบขนส่งมวลชนทางราง บีทีเอสโกรท,SET,บริการ/ขนส่งและโลจิสติกส์
BTW,บริษัท บีที เวลธ์ อินดัสตรีส์ จำกัด (มหาชน),mai,อสังหาริมทรัพย์และก่อสร้าง
BUI,บริษัท บางกอกสหประกันภัย จำกัด (มหาชน),SET,ธุรกิจการเงิน/ประกันภัยและประกันชีวิต
BWG,บริษัท เบตเตอร์ เวิลด์ กรีน จำกัด (มหาชน),SET,บริการ/บริการเฉพาะกิจ
BYD,บริษัทหลักทรัพย์ บียอนด์ จำกัด (มหาชน),SET,ธุรกิจการเงิน/เงินทุนและหลักทรัพย์
CAZ,บริษัท ซี เอ แซด (ประเทศไทย) จำกัด (มหาชน),mai,อสังหาริมทรัพย์และก่อสร้าง
CBG,บริษัท คาราบาวกรุ๊ป จำกัด (มหาชน),SET,เกษตรและอุตสาหกรรมอาหาร/อาหารและเครื่องดื่ม
CCET,บริษัท แคล-คอมพ์ อีเล็คโทรนิคส์ (ประเทศไทย) จำกัด (มหาชน),SET,เทคโนโลยี/ชิ้นส่วนอิเล็กทรอนิกส์
CCP,บริษัท ผลิตภัณฑ์คอนกรีตชลบุรี จำกัด (มหาชน),SET,อสังหาริมทรัพย์และก่อสร้าง/วัสดุก่อสร้าง
CEN,บริษัท แคปปิทอล เอ็นจิเนียริ่ง เน็ตเวิร์ค จำกัด (มหาชน),SET,สินค้าอุตสาหกรรม/เหล็ก และ ผลิตภัณฑ์โลหะ
CENTEL,บริษัท โรงแรมเซ็นทรัลพลาซา จำกัด (มหาชน),SET,บริการ/การท่องเที่ยวและสันทนาการ
CFRESH,บริษัท ซีเฟรชอินดัสตรี จำกัด (มหาชน),SET,เกษตรและอุตสาหกรรมอาหาร/อาหารและเครื่องดื่ม
CGD,บริษัท คันทรี่ กรุ๊ป ดีเวลลอปเมนท์ จำกัด (มหาชน),SET,อสังหาริมทรัพย์และก่อสร้าง/พัฒนาอสังหาริมทรัพย์
CGH,บริษัท คันทรี่ กรุ๊ป โฮลดิ้งส์ จำกัด (มหาชน),SET,ธุรกิจการเงิน/เงินทุนและหลักทรัพย์
CHARAN,บริษัท จรัญประกันภัย จำกัด (มหาชน),SET,ธุรกิจการเงิน/ประกันภัยและประกันชีวิต
CHAYO,บริษัท ชโย กรุ๊ป จำกัด (มหาชน),SET,ธุรกิจการเงิน/เงินทุนและหลักทรัพย์
CHEWA,บริษัท ชีวาทัย จำกัด (มหาชน),mai,อสังหาริมทรัพย์และก่อสร้าง
CHG,บริษัท โรงพยาบาลจุฬารัตน์ จำกัด (มหาชน),SET,บริการ/การแพทย์
CHO,บริษัท ช ทวี จำกัด (มหาชน),mai,สินค้าอุตสาหกรรม
CHOTI,บริษัท ห้องเย็นโชติวัฒน์หาดใหญ่ จำกัด (มหาชน),SET,เกษตรและอุตสาหกรรมอาหาร/อาหารและเครื่องดื่ม
CHOW,บริษัท เชาว์ สตีล อินดัสทรี้ จำกัด (มหาชน),mai,สินค้าอุตสาหกรรม
CI,บริษัท ชาญอิสสระ ดีเวล็อปเมนท์ จำกัด (มหาชน),SET,อสังหาริมทรัพย์และก่อสร้าง/พัฒนาอสังหาริมทรัพย์
CIG,บริษัท ซี.ไอ.กรุ๊ป จำกัด (มหาชน),mai,สินค้าอุตสาหกรรม
CIMBT,ธนาคาร ซีไอเอ็มบี ไทย จำกัด (มหาชน),SET,ธุรกิจการเงิน/ธนาคาร
CITY,บริษัท ซิตี้ สตีล จำกัด (มหาชน),SET,สินค้าอุตสาหกรรม/เหล็ก และ ผลิตภัณฑ์โลหะ
CK,บริษัท ช.การช่าง จำกัด (มหาชน),SET,อสังหาริมทรัพย์และก่อสร้าง/บริการรับเหมาก่อสร้าง
CKP,บริษัท ซีเค พาวเวอร์ จำกัด (มหาชน),SET,ทรัพยากร/พลังงานและสาธารณูปโภค
CM,บริษัท เชียงใหม่โฟรเซ่นฟู้ดส์ จำกัด(มหาชน),SET,เกษตรและอุตสาหกรรมอาหาร/อาหารและเครื่องดื่ม
CMAN,บริษัท เคมีแมน จำกัด (มหาชน),SET,สินค้าอุตสาหกรรม/ปิโตรเคมีและเคมีภัณฑ์
CMC,บริษัท เจ้าพระยามหานคร จำกัด (มหาชน),mai,อสังหาริมทรัพย์และก่อสร้าง
CMO,บริษัท ซีเอ็มโอ จำกัด (มหาชน),mai,บริการ
CMR,บริษัท เชียงใหม่รามธุรกิจการแพทย์ จำกัด (มหาชน),SET,บริการ/การแพทย์
CNT,บริษัท คริสเตียนีและนีลเส็น (ไทย) จำกัด (มหาชน),SET,อสังหาริมทรัพย์และก่อสร้าง/บริการรับเหมาก่อสร้าง
COLOR,บริษัท สาลี่ คัลเล่อร์ จำกัด (มหาชน),mai,สินค้าอุตสาหกรรม
COM7,บริษัท คอมเซเว่น จำกัด (มหาชน),SET,บริการ/พาณิชย์
COMAN,บริษัท โคแมนชี่ อินเตอร์เนชั่นแนล จำกัด (มหาชน),mai,เทคโนโลยี
COTTO,บริษัท เอสซีจี เซรามิกส์ จำกัด (มหาชน),SET,อสังหาริมทรัพย์และก่อสร้าง/วัสดุก่อสร้าง
CPALL,บริษัท ซีพี ออลล์ จำกัด (มหาชน),SET,บริการ/พาณิชย์
CPF,บริษัท เจริญโภคภัณฑ์อาหาร จำกัด (มหาชน),SET,เกษตรและอุตสาหกรรมอาหาร/อาหารและเครื่องดื่ม
CPH,บริษัท คาสเซ่อร์พีคโฮลดิ้งส์ จำกัด (มหาชน),SET,สินค้าอุปโภคบริโภค/แฟชั่น
CPI,บริษัท ชุมพรอุตสาหกรรมน้ำมันปาล์ม จำกัด (มหาชน),SET,เกษตรและอุตสาหกรรมอาหาร/อาหารและเครื่องดื่ม
CPL,บริษัท ซีพีแอล กรุ๊ป จำกัด (มหาชน),SET,สินค้าอุปโภคบริโภค/แฟชั่น
CPN,บริษัท เซ็นทรัลพัฒนา จำกัด (มหาชน),SET,อสังหาริมทรัพย์และก่อสร้าง/พัฒนาอสังหาริมทรัพย์
CPNCG,กองทุนรวมสิทธิการเช่าอสังหาริมทรัพย์ CPN คอมเมอร์เชียล โกรท,SET,อสังหาริมทรัพย์และก่อสร้าง/กองทุนรวมอสังหาริมทรัพย์และกองทรัสต์เพื่อการลงทุนในอสังหาริมทรัพย์
CPNREIT,ทรัสต์เพื่อการลงทุนในสิทธิการเช่าอสังหาริมทรัพย์ CPN รีเทล โกรท,SET,อสังหาริมทรัพย์และก่อสร้าง/กองทุนรวมอสังหาริมทรัพย์และกองทรัสต์เพื่อการลงทุนในอสังหาริมทรัพย์
CPR,บริษัท ซีพีอาร์ โกมุ อินดัสเตรียล จำกัด (มหาชน),mai,สินค้าอุตสาหกรรม
CPT,บริษัท ซีพีที ไดร์ แอนด์ เพาเวอร์ จำกัด (มหาชน),SET,สินค้าอุตสาหกรรม/วัสดุอุตสาหกรรมและเครื่องจักร
CPTGF,กองทุนรวมสิทธิการเช่าอสังหาริมทรัพย์ ซี.พี.ทาวเวอร์ โกรท,SET,อสังหาริมทรัพย์และก่อสร้าง/กองทุนรวมอสังหาริมทรัพย์และกองทรัสต์เพื่อการลงทุนในอสังหาริมทรัพย์
CPW,บริษัท คอปเปอร์ ไวร์ด จำกัด (มหาชน),SET,บริการ/พาณิชย์
CRANE,บริษัท ชูไก จำกัด (มหาชน),SET,สินค้าอุตสาหกรรม/วัสดุอุตสาหกรรมและเครื่องจักร
CRC,บริษัท เซ็นทรัล รีเทล คอร์ปอเรชั่น จำกัด (มหาชน),SET,บริการ/พาณิชย์
CRD,บริษัท เชียงใหม่ริมดอย จำกัด (มหาชน),mai,อสังหาริมทรัพย์และก่อสร้าง
CSC,บริษัท ฝาจีบ จำกัด (มหาชน),SET,สินค้าอุตสาหกรรม/บรรจุภัณฑ์
CSP,บริษัท ซีเอสพี สตีลเซ็นเตอร์ จำกัด (มหาชน),SET,สินค้าอุตสาหกรรม/เหล็ก และ ผลิตภัณฑ์โลหะ
CSR,บริษัท เทพธานีกรีฑา จำกัด (มหาชน),SET,บริการ/การท่องเที่ยวและสันทนาการ
CSS,บริษัท คอมมิวนิเคชั่น แอนด์ ซิสเต็มส์ โซลูชั่น จำกัด (มหาชน),SET,บริการ/พาณิชย์
CTARAF,กองทุนรวมสิทธิการเช่าอสังหาริมทรัพย์โรงแรมและรีสอร์ทในเครือฯ,SET,อสังหาริมทรัพย์และก่อสร้าง/กองทุนรวมอสังหาริมทรัพย์และกองทรัสต์เพื่อการลงทุนในอสังหาริมทรัพย์
CTW,บริษัท จรุงไทยไวร์แอนด์เคเบิ้ล จำกัด (มหาชน),SET,สินค้าอุตสาหกรรม/วัสดุอุตสาหกรรมและเครื่องจักร
CWT,บริษัท ชัยวัฒนา แทนเนอรี่ กรุ๊ป จำกัด (มหาชน),SET,สินค้าอุตสาหกรรม/ยานยนต์
D,บริษัท เดนทัล คอร์ปอเรชั่น จำกัด (มหาชน),mai,บริการ
DCC,บริษัท ไดนาสตี้เซรามิค จำกัด (มหาชน),SET,อสังหาริมทรัพย์และก่อสร้าง/วัสดุก่อสร้าง
DCON,บริษัท ดีคอนโปรดักส์ จำกัด (มหาชน),SET,อสังหาริมทรัพย์และก่อสร้าง/วัสดุก่อสร้าง
DDD,บริษัท ดู เดย์ ดรีม จำกัด (มหาชน),SET,สินค้าอุปโภคบริโภค/ของใช้ส่วนตัวและเวชภัณฑ์
DELTA,บริษัทเดลต้า อีเลคโทรนิคส์ (ประเทศไทย) จำกัด (มหาชน),SET,เทคโนโลยี/ชิ้นส่วนอิเล็กทรอนิกส์
DEMCO,บริษัท เด็มโก้ จำกัด (มหาชน),SET,ทรัพยากร/พลังงานและสาธารณูปโภค
DHOUSE,บริษัท ดีเฮ้าส์พัฒนา จำกัด (มหาชน),mai,อสังหาริมทรัพย์และก่อสร้าง
DIF,กองทุนรวมโครงสร้างพื้นฐานโทรคมนาคม ดิจิทัล,SET,เทคโนโลยี/เทคโนโลยีสารสนเทศและการสื่อสาร
DIMET,บริษัท ไดเมท (สยาม) จำกัด (มหาชน),mai,อสังหาริมทรัพย์และก่อสร้าง
DITTO,บริษัท ดิทโต้ (ประเทศไทย) จำกัด (มหาชน),mai,เทคโนโลยี
DMT,บริษัท ทางยกระดับดอนเมือง จำกัด (มหาชน),SET,บริการ/ขนส่งและโลจิสติกส์
DOD,บริษัท ดีโอดี ไบโอเทค จำกัด (มหาชน),mai,สินค้าอุปโภคบริโภค
DOHOME,บริษัท ดูโฮม จำกัด (มหาชน),SET,บริการ/พาณิชย์
DREIT,ทรัสต์เพื่อการลงทุนในอสังหาริมทรัพย์และสิทธิการเช่าดุสิตธานี,SET,อสังหาริมทรัพย์และก่อสร้าง/กองทุนรวมอสังหาริมทรัพย์และกองทรัสต์เพื่อการลงทุนในอสังหาริมทรัพย์
DRT,บริษัท ผลิตภัณฑ์ตราเพชร จำกัด (มหาชน),SET,อสังหาริมทรัพย์และก่อสร้าง/วัสดุก่อสร้าง
DTAC,บริษัท โทเทิ่ล แอ็คเซ็ส คอมมูนิเคชั่น จำกัด (มหาชน),SET,เทคโนโลยี/เทคโนโลยีสารสนเทศและการสื่อสาร
DTCI,บริษัท ดี.ที.ซี.อินดัสตรี่ส์ จำกัด (มหาชน),SET,สินค้าอุปโภคบริโภค/ของใช้ในครัวเรือนและสำนักงาน
DUSIT,บริษัท ดุสิตธานี จำกัด (มหาชน),SET,บริการ/การท่องเที่ยวและสันทนาการ
DV8,บริษัท ดีวี8 จำกัด (มหาชน),mai,บริการ
EA,บริษัท พลังงานบริสุทธิ์ จำกัด (มหาชน),SET,ทรัพยากร/พลังงานและสาธารณูปโภค
EASON,บริษัท อีซึ่น แอนด์ โค จำกัด (มหาชน),SET,สินค้าอุตสาหกรรม/ยานยนต์
EASTW,บริษัท จัดการและพัฒนาทรัพยากรน้ำภาคตะวันออก จำกัด (มหาชน),SET,ทรัพยากร/พลังงานและสาธารณูปโภค
ECF,บริษัท อีสต์โคสท์เฟอร์นิเทค จำกัด (มหาชน),mai,สินค้าอุปโภคบริโภค
ECL,บริษัท ตะวันออกพาณิชย์ลีสซิ่ง จำกัด (มหาชน),SET,ธุรกิจการเงิน/เงินทุนและหลักทรัพย์
EE,บริษัท อีเทอเนิล เอนเนอยี จำกัด (มหาชน),SET,เกษตรและอุตสาหกรรมอาหาร/ธุรกิจการเกษตร
EFORL,บริษัท อี ฟอร์ แอล เอม จำกัด (มหาชน),mai,สินค้าอุปโภคบริโภค
EGATIF,กองทุนรวมโครงสร้างพื้นฐาน โรงไฟฟ้าพระนครเหนือ ชุดที่ 1 การไฟฟ้าฝ่ายผลิตแห่งประเทศไทย,SET,ทรัพยากร/พลังงานและสาธารณูปโภค
EGCO,บริษัท ผลิตไฟฟ้า จำกัด (มหาชน),SET,ทรัพยากร/พลังงานและสาธารณูปโภค
EKH,บริษัท เอกชัยการแพทย์ จำกัด (มหาชน),SET,บริการ/การแพทย์
EMC,บริษัท อีเอ็มซี จำกัด (มหาชน),SET,อสังหาริมทรัพย์และก่อสร้าง/บริการรับเหมาก่อสร้าง
EP,บริษัท อีสเทอร์น พาวเวอร์ กรุ๊ป จำกัด (มหาชน),SET,ทรัพยากร/พลังงานและสาธารณูปโภค
EPG,บริษัท อีสเทิร์นโพลีเมอร์ กรุ๊ป จำกัด (มหาชน),SET,อสังหาริมทรัพย์และก่อสร้าง/วัสดุก่อสร้าง
ERW,บริษัท ดิ เอราวัณ กรุ๊ป จำกัด (มหาชน),SET,บริการ/การท่องเที่ยวและสันทนาการ
ERWPF,กองทุนรวมอสังหาริมทรัพย์เอราวัณ โฮเทล โกรท,SET,อสังหาริมทรัพย์และก่อสร้าง/กองทุนรวมอสังหาริมทรัพย์และกองทรัสต์เพื่อการลงทุนในอสังหาริมทรัพย์
ESSO,บริษัท เอสโซ่ (ประเทศไทย) จำกัด (มหาชน),SET,ทรัพยากร/พลังงานและสาธารณูปโภค
ESTAR,บริษัท อีสเทอร์น สตาร์ เรียล เอสเตท จำกัด (มหาชน),SET,อสังหาริมทรัพย์และก่อสร้าง/พัฒนาอสังหาริมทรัพย์
ETC,บริษัท เอิร์ธ เท็ค เอนไวรอนเมนท์ จำกัด (มหาชน),SET,ทรัพยากร/พลังงานและสาธารณูปโภค
ETE,บริษัท บูรพา เทคนิคอล เอ็นจิเนียริ่ง จำกัด (มหาชน),mai,บริการ
EVER,บริษัท เอเวอร์แลนด์ จำกัด (มหาชน),SET,อสังหาริมทรัพย์และก่อสร้าง/พัฒนาอสังหาริมทรัพย์
F&D,บริษัท ฟู้ดแอนด์ดริ๊งส์ จำกัด (มหาชน),SET,เกษตรและอุตสาหกรรมอาหาร/อาหารและเครื่องดื่ม
FANCY,บริษัท แฟนซีวู๊ด อินดัสตรีส จำกัด (มหาชน),SET,สินค้าอุปโภคบริโภค/ของใช้ในครัวเรือนและสำนักงาน
FE,บริษัท ฟาร์อีสท์ เฟมไลน์ ดีดีบี จำกัด (มหาชน),SET,บริการ/สื่อและสิ่งพิมพ์
FLOYD,บริษัท ฟลอยด์ จำกัด (มหาชน),mai,อสังหาริมทรัพย์และก่อสร้าง
FMT,บริษัท ไฟน์ เม็ททัล เทคโนโลยีส์ จำกัด (มหาชน),SET,สินค้าอุตสาหกรรม/วัสดุอุตสาหกรรมและเครื่องจักร
FN,บริษัท เอฟเอ็น แฟคตอรี่ เอ๊าท์เลท จำกัด (มหาชน),SET,บริการ/พาณิชย์
FNS,บริษัท ฟินันซ่า จำกัด (มหาชน),SET,ธุรกิจการเงิน/เงินทุนและหลักทรัพย์
FORTH,บริษัท ฟอร์ท คอร์ปอเรชั่น  จำกัด (มหาชน),SET,เทคโนโลยี/เทคโนโลยีสารสนเทศและการสื่อสาร
FPI,บริษัท ฟอร์จูน พาร์ท อินดัสตรี้ จำกัด (มหาชน),mai,สินค้าอุตสาหกรรม
FPT,บริษัท เฟรเซอร์ส พร็อพเพอร์ตี้ (ประเทศไทย) จำกัด (มหาชน),SET,อสังหาริมทรัพย์และก่อสร้าง/พัฒนาอสังหาริมทรัพย์
FSMART,บริษัท ฟอร์ท สมาร์ท เซอร์วิส จำกัด (มหาชน),mai,บริการ
FSS,บริษัทหลักทรัพย์ ฟินันเซีย ไซรัส จำกัด (มหาชน),SET,ธุรกิจการเงิน/เงินทุนและหลักทรัพย์
FTE,บริษัท ไฟร์เทรดเอ็นจิเนียริ่ง จำกัด (มหาชน),SET,บริการ/พาณิชย์
FTREIT,ทรัสต์เพื่อการลงทุนในอสังหาริมทรัพย์และสิทธิการเช่าอสังหาริมทรัพย์เพื่ออุตสาหกรรม เฟรเซอร์ส พร็อพเพอร์ตี้,SET,อสังหาริมทรัพย์และก่อสร้าง/กองทุนรวมอสังหาริมทรัพย์และกองทรัสต์เพื่อการลงทุนในอสังหาริมทรัพย์
FUTUREPF,กองทุนรวมสิทธิการเช่าอสังหาริมทรัพย์ฟิวเจอร์พาร์ค,SET,อสังหาริมทรัพย์และก่อสร้าง/กองทุนรวมอสังหาริมทรัพย์และกองทรัสต์เพื่อการลงทุนในอสังหาริมทรัพย์
FVC,บริษัท ฟิลเตอร์ วิชั่น จำกัด (มหาชน),mai,บริการ
GAHREIT,ทรัสต์เพื่อการลงทุนในอสังหาริมทรัพย์ แกรนด์ โฮสพีทาลิตี้,SET,อสังหาริมทรัพย์และก่อสร้าง/กองทุนรวมอสังหาริมทรัพย์และกองทรัสต์เพื่อการลงทุนในอสังหาริมทรัพย์
GBX,บริษัท โกลเบล็ก โฮลดิ้ง แมนเนจเม้นท์ จำกัด (มหาชน),SET,ธุรกิจการเงิน/เงินทุนและหลักทรัพย์
GC,บริษัท โกลบอล คอนเน็คชั่นส์ จำกัด (มหาชน),SET,สินค้าอุตสาหกรรม/ปิโตรเคมีและเคมีภัณฑ์
GCAP,บริษัท จี แคปปิตอล จำกัด (มหาชน),mai,ธุรกิจการเงิน
GEL,บริษัท เจนเนอรัล เอนจิเนียริ่ง จำกัด (มหาชน),SET,อสังหาริมทรัพย์และก่อสร้าง/วัสดุก่อสร้าง
GENCO,บริษัทบริหารและพัฒนาเพื่อการอนุรักษ์สิ่งแวดล้อม จำกัด(มหาชน),SET,บริการ/บริการเฉพาะกิจ
GFPT,บริษัท จีเอฟพีที จำกัด (มหาชน),SET,เกษตรและอุตสาหกรรมอาหาร/ธุรกิจการเกษตร
GGC,บริษัท โกลบอลกรีนเคมิคอล จำกัด (มหาชน),SET,สินค้าอุตสาหกรรม/ปิโตรเคมีและเคมีภัณฑ์
GIFT,บริษัท แกรททิทูด อินฟินิท จำกัด (มหาชน),SET,สินค้าอุตสาหกรรม/ปิโตรเคมีและเคมีภัณฑ์
GJS,บริษัท จี เจ สตีล จำกัด (มหาชน),SET,สินค้าอุตสาหกรรม/เหล็ก และ ผลิตภัณฑ์โลหะ
GL,บริษัท กรุ๊ปลีส จำกัด (มหาชน),SET,ธุรกิจการเงิน/เงินทุนและหลักทรัพย์
GLAND,บริษัท แกรนด์ คาแนล แลนด์ จำกัด (มหาชน),SET,อสังหาริมทรัพย์และก่อสร้าง/พัฒนาอสังหาริมทรัพย์
GLOBAL,บริษัท สยามโกลบอลเฮ้าส์ จำกัด (มหาชน),SET,บริการ/พาณิชย์
GLOCON,บริษัท โกลบอล คอนซูเมอร์ จำกัด (มหาชน),SET,เกษตรและอุตสาหกรรมอาหาร/อาหารและเครื่องดื่ม
GOLDPF,กองทุนรวมสิทธิการเช่าอสังหาริมทรัพย์โกลด์,SET,อสังหาริมทรัพย์และก่อสร้าง/กองทุนรวมอสังหาริมทรัพย์และกองทรัสต์เพื่อการลงทุนในอสังหาริมทรัพย์
GPI,บริษัท กรังด์ปรีซ์ อินเตอร์เนชั่นแนล จำกัด (มหาชน),SET,บริการ/สื่อและสิ่งพิมพ์
GPSC,บริษัท โกลบอล เพาเวอร์ ซินเนอร์ยี่ จำกัด (มหาชน),SET,ทรัพยากร/พลังงานและสาธารณูปโภค
GRAMMY,บริษัท จีเอ็มเอ็ม แกรมมี่ จำกัด (มหาชน),SET,บริการ/สื่อและสิ่งพิมพ์
GRAND,บริษัท แกรนด์ แอสเสท โฮเทลส์ แอนด์ พรอพเพอร์ตี้ จำกัด(มหาชน),SET,บริการ/การท่องเที่ยวและสันทนาการ
GREEN,บริษัท กรีน รีซอร์สเซส จำกัด (มหาชน),SET,ทรัพยากร/พลังงานและสาธารณูปโภค
GROREIT,ทรัสต์เพื่อการลงทุนในอสังหาริมทรัพย์ แกรนด์ รอยัล ออคิด โฮสพีทาลิตี้ ที่มีข้อตกลงในการซื้อคืน,SET,อสังหาริมทรัพย์และก่อสร้าง/กองทุนรวมอสังหาริมทรัพย์และกองทรัสต์เพื่อการลงทุนในอสังหาริมทรัพย์
GSC,บริษัท โกลบอล เซอร์วิส เซ็นเตอร์ จำกัด (มหาชน),mai,บริการ
GSTEEL,บริษัท จี สตีล จำกัด (มหาชน),SET,สินค้าอุตสาหกรรม/เหล็ก และ ผลิตภัณฑ์โลหะ
GTB,บริษัท เจตาแบค จำกัด (มหาชน),mai,สินค้าอุตสาหกรรม
GULF,บริษัท กัลฟ์ เอ็นเนอร์จี ดีเวลลอปเมนท์ จำกัด (มหาชน),SET,ทรัพยากร/พลังงานและสาธารณูปโภค
GUNKUL,บริษัท กันกุลเอ็นจิเนียริ่ง จำกัด (มหาชน),SET,ทรัพยากร/พลังงานและสาธารณูปโภค
GVREIT,ทรัสต์เพื่อการลงทุนในสิทธิการเช่าอสังหาริมทรัพย์โกลเด้นเวนเจอร์,SET,อสังหาริมทรัพย์และก่อสร้าง/กองทุนรวมอสังหาริมทรัพย์และกองทรัสต์เพื่อการลงทุนในอสังหาริมทรัพย์
GYT,บริษัท กู๊ดเยียร์(ประเทศไทย) จำกัด (มหาชน),SET,สินค้าอุตสาหกรรม/ยานยนต์
HANA,บริษัท ฮานา ไมโครอิเล็คโทรนิคส จำกัด (มหาชน),SET,เทคโนโลยี/ชิ้นส่วนอิเล็กทรอนิกส์
HARN,บริษัท หาญ เอ็นจิเนียริ่ง โซลูชั่นส์ จำกัด (มหาชน),mai,บริการ
HEMP,บริษัท เฮลท์ เอ็มไพร์ คอร์ปอเรชั่น จำกัด (มหาชน),mai,บริการ
HFT,บริษัท ฮั้วฟง รับเบอร์ (ไทยแลนด์) จำกัด (มหาชน),SET,สินค้าอุตสาหกรรม/ยานยนต์
HMPRO,บริษัท โฮม โปรดักส์ เซ็นเตอร์ จำกัด (มหาชน),SET,บริการ/พาณิชย์
HPF,กองทุนรวมอสังหาริมทรัพย์และสิทธิการเช่าเหมราชอินดัสเตรียล,SET,อสังหาริมทรัพย์และก่อสร้าง/กองทุนรวมอสังหาริมทรัพย์และกองทรัสต์เพื่อการลงทุนในอสังหาริมทรัพย์
HPT,บริษัท โฮม พอตเทอรี่ จำกัด (มหาชน),mai,สินค้าอุปโภคบริโภค
HREIT,ทรัสต์เพื่อการลงทุนในสิทธิการเช่าอสังหาริมทรัพย์เหมราช,SET,อสังหาริมทรัพย์และก่อสร้าง/กองทุนรวมอสังหาริมทรัพย์และกองทรัสต์เพื่อการลงทุนในอสังหาริมทรัพย์
HTC,บริษัท หาดทิพย์ จำกัด (มหาชน),SET,เกษตรและอุตสาหกรรมอาหาร/อาหารและเครื่องดื่ม
HTECH,บริษัท แฮลเซี่ยน เทคโนโลยี่ จำกัด (มหาชน),SET,สินค้าอุตสาหกรรม/วัสดุอุตสาหกรรมและเครื่องจักร
HUMAN,บริษัท ฮิวแมนิก้า จำกัด (มหาชน),SET,เทคโนโลยี/เทคโนโลยีสารสนเทศและการสื่อสาร
HYDRO,บริษัท ไฮโดรเท็ค จำกัด (มหาชน),mai,อสังหาริมทรัพย์และก่อสร้าง
ICC,บริษัท ไอ.ซี.ซี. อินเตอร์เนชั่นแนล จำกัด (มหาชน),SET,สินค้าอุปโภคบริโภค/แฟชั่น
ICHI,บริษัท อิชิตัน กรุ๊ป จำกัด (มหาชน),SET,เกษตรและอุตสาหกรรมอาหาร/อาหารและเครื่องดื่ม
ICN,บริษัท อินฟอร์เมชั่น แอนด์ คอมมิวนิเคชั่น เน็ทเวิร์คส จำกัด (มหาชน),mai,เทคโนโลยี
IFEC,บริษัท อินเตอร์ ฟาร์อีสท์ เอ็นเนอร์ยี่ คอร์ปอเรชั่น จำกัด (มหาชน),SET,ทรัพยากร/พลังงานและสาธารณูปโภค
IFS,บริษัท ไอเอฟเอส แคปปิตอล (ประเทศไทย) จำกัด (มหาชน),SET,ธุรกิจการเงิน/เงินทุนและหลักทรัพย์
IHL,บริษัท อินเตอร์ไฮด์ จำกัด (มหาชน),SET,สินค้าอุตสาหกรรม/ยานยนต์
IIG,บริษัท ไอแอนด์ไอ กรุ๊ป จำกัด (มหาชน),mai,เทคโนโลยี
III,บริษัท ทริพเพิล ไอ โลจิสติกส์ จำกัด (มหาชน),SET,บริการ/ขนส่งและโลจิสติกส์
ILINK,บริษัท อินเตอร์ลิ้งค์ คอมมิวนิเคชั่น จำกัด (มหาชน),SET,เทคโนโลยี/เทคโนโลยีสารสนเทศและการสื่อสาร
ILM,บริษัท อินเด็กซ์ ลิฟวิ่งมอลล์ จำกัด (มหาชน),SET,บริการ/พาณิชย์
IMH,บริษัท โรงพยาบาลอินเตอร์เมดิคัล แคร์ แอนด์ แล็บ จำกัด (มหาชน),mai,บริการ
IMPACT,ทรัสต์เพื่อการลงทุนในอสังหาริมทรัพย์อิมแพ็คโกรท,SET,อสังหาริมทรัพย์และก่อสร้าง/กองทุนรวมอสังหาริมทรัพย์และกองทรัสต์เพื่อการลงทุนในอสังหาริมทรัพย์
IND,บริษัท อินเด็กซ์ อินเตอร์เนชั่นแนล กรุ๊ป จำกัด (มหาชน),mai,อสังหาริมทรัพย์และก่อสร้าง
INET,บริษัท อินเทอร์เน็ตประเทศไทย จำกัด (มหาชน),SET,เทคโนโลยี/เทคโนโลยีสารสนเทศและการสื่อสาร
INETREIT,ทรัสต์เพื่อการลงทุนในสิทธิการเช่าอสังหาริมทรัพย์ไอเน็ต,SET,อสังหาริมทรัพย์และก่อสร้าง/กองทุนรวมอสังหาริมทรัพย์และกองทรัสต์เพื่อการลงทุนในอสังหาริมทรัพย์
INGRS,บริษัท อิงเกรส อินดัสเตรียล (ไทยแลนด์) จำกัด (มหาชน),SET,สินค้าอุตสาหกรรม/ยานยนต์
INOX,บริษัท โพสโค-ไทยน๊อคซ์ จำกัด (มหาชน),SET,สินค้าอุตสาหกรรม/เหล็ก และ ผลิตภัณฑ์โลหะ
INSET,บริษัท อินฟราเซท จำกัด (มหาชน),mai,เทคโนโลยี
INSURE,บริษัท อินทรประกันภัย จำกัด (มหาชน),SET,ธุรกิจการเงิน/ประกันภัยและประกันชีวิต
INTUCH,บริษัท อินทัช โฮลดิ้งส์ จำกัด (มหาชน),SET,เทคโนโลยี/เทคโนโลยีสารสนเทศและการสื่อสาร
IP,บริษัท อินเตอร์ ฟาร์มา จำกัด (มหาชน),mai,สินค้าอุปโภคบริโภค
IRC,บริษัท อีโนเว รับเบอร์ (ประเทศไทย) จำกัด (มหาชน),SET,สินค้าอุตสาหกรรม/ยานยนต์
IRCP,บริษัท อินเตอร์เนชั่นแนล รีเสริช คอร์ปอเรชั่น จำกัด (มหาชน),mai,เทคโนโลยี
IRPC,บริษัท ไออาร์พีซี จำกัด (มหาชน),SET,ทรัพยากร/พลังงานและสาธารณูปโภค
IT,บริษัท ไอที ซิตี้ จำกัด (มหาชน),SET,บริการ/พาณิชย์
ITD,บริษัท อิตาเลียนไทย ดีเวล๊อปเมนต์ จำกัด (มหาชน),SET,อสังหาริมทรัพย์และก่อสร้าง/บริการรับเหมาก่อสร้าง
ITEL,บริษัท อินเตอร์ลิ้งค์ เทเลคอม จำกัด (มหาชน),mai,เทคโนโลยี
IVL,บริษัท อินโดรามา เวนเจอร์ส จำกัด (มหาชน),SET,สินค้าอุตสาหกรรม/ปิโตรเคมีและเคมีภัณฑ์
J,บริษัท เจเอเอส แอสเซ็ท จำกัด (มหาชน),SET,อสังหาริมทรัพย์และก่อสร้าง/พัฒนาอสังหาริมทรัพย์
JAK,บริษัท จักรไพศาล เอสเตท จำกัด (มหาชน),mai,อสังหาริมทรัพย์และก่อสร้าง
JAS,บริษัทจัสมิน อินเตอร์เนชั่นแนล จำกัด (มหาชน),SET,เทคโนโลยี/เทคโนโลยีสารสนเทศและการสื่อสาร
JASIF,กองทุนรวมโครงสร้างพื้นฐานบรอดแบนด์อินเทอร์เน็ต จัสมิน,SET,เทคโนโลยี/เทคโนโลยีสารสนเทศและการสื่อสาร
JCK,บริษัท เจซีเค อินเตอร์เนชั่นแนล จำกัด (มหาชน),SET,อสังหาริมทรัพย์และก่อสร้าง/พัฒนาอสังหาริมทรัพย์
JCKH,บริษัท เจซีเค ฮอสพิทอลลิตี้ จำกัด (มหาชน),mai,เกษตรและอุตสาหกรรมอาหาร
JCT,บริษัท แจ๊กเจียอุตสาหกรรม (ไทย) จำกัด (มหาชน),SET,สินค้าอุปโภคบริโภค/ของใช้ส่วนตัวและเวชภัณฑ์
JKN,บริษัท เจเคเอ็น โกลบอล มีเดีย จำกัด (มหาชน),SET,บริการ/สื่อและสิ่งพิมพ์
JMART,บริษัท เจ มาร์ท จำกัด (มหาชน),SET,เทคโนโลยี/เทคโนโลยีสารสนเทศและการสื่อสาร
JMT,บริษัท เจ เอ็ม ที เน็ทเวอร์ค เซอร์วิสเซ็ส จำกัด (มหาชน),SET,ธุรกิจการเงิน/เงินทุนและหลักทรัพย์
JR,บริษัท เจ.อาร์.ดับเบิ้ลยู. ยูทิลิตี้ จำกัด (มหาชน),SET,เทคโนโลยี/เทคโนโลยีสารสนเทศและการสื่อสาร
JSP,บริษัท เจ. เอส. พี. พร็อพเพอร์ตี้ จำกัด (มหาชน),mai,อสังหาริมทรัพย์และก่อสร้าง
JTS,บริษัท จัสมิน เทเลคอม ซิสเต็มส์ จำกัด (มหาชน),SET,เทคโนโลยี/เทคโนโลยีสารสนเทศและการสื่อสาร
JUBILE,บริษัท ยูบิลลี่ เอ็นเตอร์ไพรส์ จำกัด (มหาชน),mai,สินค้าอุปโภคบริโภค
JUTHA,บริษัท จุฑานาวี จำกัด (มหาชน),SET,บริการ/ขนส่งและโลจิสติกส์
JWD,บริษัท เจดับเบิ้ลยูดี อินโฟโลจิสติกส์ จำกัด (มหาชน),SET,บริการ/ขนส่งและโลจิสติกส์
K,บริษัท คิงส์เมน ซี.เอ็ม.ที.ไอ. จำกัด (มหาชน),mai,อสังหาริมทรัพย์และก่อสร้าง
KAMART,บริษัท คาร์มาร์ท จำกัด (มหาชน),SET,บริการ/พาณิชย์
KASET,บริษัท ไทยฮา จำกัด (มหาชน),mai,เกษตรและอุตสาหกรรมอาหาร
KBANK,ธนาคารกสิกรไทย จำกัด (มหาชน),SET,ธุรกิจการเงิน/ธนาคาร
KBS,บริษัท น้ำตาลครบุรี จำกัด (มหาชน),SET,เกษตรและอุตสาหกรรมอาหาร/อาหารและเครื่องดื่ม
KBSPIF,กองทุนรวมโครงสร้างพื้นฐานโรงไฟฟ้า กลุ่มน้ำตาลครบุรี,SET,ทรัพยากร/พลังงานและสาธารณูปโภค
KC,บริษัท เค.ซี. พร็อพเพอร์ตี้ จำกัด (มหาชน),SET,อสังหาริมทรัพย์และก่อสร้าง/พัฒนาอสังหาริมทรัพย์
KCAR,บริษัท กรุงไทยคาร์เร้นท์ แอนด์ ลีส จำกัด (มหาชน),SET,ธุรกิจการเงิน/เงินทุนและหลักทรัพย์
KCE,บริษัท เคซีอี อีเลคโทรนิคส์ จำกัด (มหาชน),SET,เทคโนโลยี/ชิ้นส่วนอิเล็กทรอนิกส์
KCM,บริษัท เค.ซี.เมททอลชีท จำกัด (มหาชน),mai,สินค้าอุตสาหกรรม
KDH,บริษัท ธนบุรี เมดิเคิล เซ็นเตอร์ จำกัด (มหาชน),SET,บริการ/การแพทย์
KEX,บริษัท เคอรี่ เอ็กซ์เพรส (ประเทศไทย) จำกัด (มหาชน),SET,บริการ/ขนส่งและโลจิสติกส์
KGI,บริษัทหลักทรัพย์ เคจีไอ (ประเทศไทย) จำกัด (มหาชน),SET,ธุรกิจการเงิน/เงินทุนและหลักทรัพย์
KIAT,บริษัท เกียรติธนา ขนส่ง จำกัด (มหาชน),SET,บริการ/ขนส่งและโลจิสติกส์
KISS,บริษัท โรจูคิส อินเตอร์เนชั่นแนล จำกัด (มหาชน),SET,สินค้าอุปโภคบริโภค/ของใช้ส่วนตัวและเวชภัณฑ์
KK,บริษัท เคแอนด์เค ซุปเปอร์สโตร์ เซาท์เทิร์น จำกัด (มหาชน),mai,บริการ
KKC,บริษัท กุลธรเคอร์บี้ จำกัด (มหาชน),SET,สินค้าอุตสาหกรรม/วัสดุอุตสาหกรรมและเครื่องจักร
KKP,ธนาคารเกียรตินาคินภัทร จำกัด (มหาชน),SET,ธุรกิจการเงิน/ธนาคาร
KOOL,บริษัท มาสเตอร์คูล อินเตอร์เนชั่นแนล จำกัด (มหาชน),mai,บริการ
KPNPF,กองทุนรวมอสังหาริมทรัพย์เคพีเอ็น,SET,อสังหาริมทรัพย์และก่อสร้าง/กองทุนรวมอสังหาริมทรัพย์และกองทรัสต์เพื่อการลงทุนในอสังหาริมทรัพย์
KSL,บริษัท น้ำตาลขอนแก่น จำกัด (มหาชน),SET,เกษตรและอุตสาหกรรมอาหาร/อาหารและเครื่องดื่ม
KTB,ธนาคารกรุงไทย จำกัด (มหาชน),SET,ธุรกิจการเงิน/ธนาคาร
KTC,บริษัท บัตรกรุงไทย จำกัด (มหาชน),SET,ธุรกิจการเงิน/เงินทุนและหลักทรัพย์
KTIS,บริษัท เกษตรไทย อินเตอร์เนชั่นแนล ชูการ์ คอร์ปอเรชั่น จำกัด (มหาชน),SET,เกษตรและอุตสาหกรรมอาหาร/อาหารและเครื่องดื่ม
KUMWEL,บริษัท คัมเวล คอร์ปอเรชั่น จำกัด (มหาชน),mai,สินค้าอุตสาหกรรม
KUN,บริษัท วิลล่า คุณาลัย จำกัด (มหาชน),mai,อสังหาริมทรัพย์และก่อสร้าง
KWC,บริษัท กรุงเทพโสภณ จำกัด (มหาชน),SET,บริการ/ขนส่งและโลจิสติกส์
KWG,บริษัท คิง ไว กรุ๊ป (ประเทศไทย) จำกัด (มหาชน),SET,ธุรกิจการเงิน/ประกันภัยและประกันชีวิต
KWM,บริษัท เค. ดับบลิว. เม็ททัล เวิร์ค จำกัด (มหาชน),mai,สินค้าอุตสาหกรรม
KYE,บริษัท กันยงอีเลคทริก จำกัด (มหาชน),SET,สินค้าอุปโภคบริโภค/ของใช้ในครัวเรือนและสำนักงาน
L&E,บริษัท ไลท์ติ้ง แอนด์ อีควิปเมนท์ จำกัด (มหาชน),SET,สินค้าอุปโภคบริโภค/ของใช้ในครัวเรือนและสำนักงาน
LALIN,บริษัท ลลิล พร็อพเพอร์ตี้ จำกัด (มหาชน),SET,อสังหาริมทรัพย์และก่อสร้าง/พัฒนาอสังหาริมทรัพย์
LANNA,บริษัท ลานนารีซอร์สเซส จำกัด (มหาชน),SET,ทรัพยากร/พลังงานและสาธารณูปโภค
LDC,บริษัท แอลดีซี เด็นทัล จำกัด (มหาชน),mai,บริการ
LEE,บริษัท ลีพัฒนาผลิตภัณฑ์ จำกัด (มหาชน),SET,เกษตรและอุตสาหกรรมอาหาร/ธุรกิจการเกษตร
LEO,บริษัท ลีโอ โกลบอล โลจิสติกส์ จำกัด (มหาชน),mai,บริการ
LH,บริษัทแลนด์แอนด์เฮ้าส์ จำกัด (มหาชน),SET,อสังหาริมทรัพย์และก่อสร้าง/พัฒนาอสังหาริมทรัพย์
LHFG,บริษัท แอล เอช ไฟแนนซ์เชียล กรุ๊ป จำกัด (มหาชน),SET,ธุรกิจการเงิน/ธนาคาร
LHHOTEL,ทรัสต์เพื่อการลงทุนในสิทธิการเช่าอสังหาริมทรัพย์ แอล เอช โฮเทล,SET,อสังหาริมทรัพย์และก่อสร้าง/กองทุนรวมอสังหาริมทรัพย์และกองทรัสต์เพื่อการลงทุนในอสังหาริมทรัพย์
LHK,บริษัท โลหะกิจ เม็ททอล จำกัด (มหาชน),SET,สินค้าอุตสาหกรรม/เหล็ก และ ผลิตภัณฑ์โลหะ
LHPF,กองทุนรวมอสังหาริมทรัพย์และสิทธิการเช่า แลนด์ แอนด์ เฮ้าส์,SET,อสังหาริมทรัพย์และก่อสร้าง/กองทุนรวมอสังหาริมทรัพย์และกองทรัสต์เพื่อการลงทุนในอสังหาริมทรัพย์
LHSC,ทรัสต์เพื่อการลงทุนในสิทธิการเช่าอสังหาริมทรัพย์ แอล เอช ช้อปปิ้ง เซ็นเตอร์,SET,อสังหาริมทรัพย์และก่อสร้าง/กองทุนรวมอสังหาริมทรัพย์และกองทรัสต์เพื่อการลงทุนในอสังหาริมทรัพย์
LIT,บริษัท ลีซ อิท จำกัด (มหาชน),mai,ธุรกิจการเงิน
LOXLEY,บริษัท ล็อกซเล่ย์ จำกัด (มหาชน),SET,บริการ/พาณิชย์
LPF,กองทุนรวมอสังหาริมทรัพย์และสิทธิการเช่าโลตัสส์ รีเทล โกรท,SET,อสังหาริมทรัพย์และก่อสร้าง/กองทุนรวมอสังหาริมทรัพย์และกองทรัสต์เพื่อการลงทุนในอสังหาริมทรัพย์
LPH,บริษัท โรงพยาบาล ลาดพร้าว จำกัด (มหาชน),SET,บริการ/การแพทย์
LPN,บริษัท แอล.พี.เอ็น.ดีเวลลอปเมนท์ จำกัด (มหาชน),SET,อสังหาริมทรัพย์และก่อสร้าง/พัฒนาอสังหาริมทรัพย์
LRH,บริษัท ลากูน่า รีสอร์ท แอนด์ โฮเท็ล จำกัด (มหาชน),SET,บริการ/การท่องเที่ยวและสันทนาการ
LST,บริษัท ล่ำสูง (ประเทศไทย) จำกัด (มหาชน),SET,เกษตรและอุตสาหกรรมอาหาร/อาหารและเครื่องดื่ม
LUXF,กองทุนรวมอสังหาริมทรัพย์ลักซ์ชัวรี่,SET,อสังหาริมทรัพย์และก่อสร้าง/กองทุนรวมอสังหาริมทรัพย์และกองทรัสต์เพื่อการลงทุนในอสังหาริมทรัพย์
M,บริษัท เอ็มเค เรสโตรองต์ กรุ๊ป จำกัด (มหาชน),SET,เกษตรและอุตสาหกรรมอาหาร/อาหารและเครื่องดื่ม
M-CHAI,บริษัท โรงพยาบาลมหาชัย จำกัด (มหาชน),SET,บริการ/การแพทย์
M-II,กองทุนรวมอสังหาริมทรัพย์ และสิทธิการเช่า เอ็มเอฟซี อินดัสเตรียล อินเวสเมนท์,SET,อสังหาริมทรัพย์และก่อสร้าง/กองทุนรวมอสังหาริมทรัพย์และกองทรัสต์เพื่อการลงทุนในอสังหาริมทรัพย์
M-PAT,กองทุนรวมอสังหาริมทรัพย์เอ็มเอฟซี ป่าตอง เฮอริเทจ,SET,อสังหาริมทรัพย์และก่อสร้าง/กองทุนรวมอสังหาริมทรัพย์และกองทรัสต์เพื่อการลงทุนในอสังหาริมทรัพย์
M-STOR,กองทุนรวมอสังหาริมทรัพย์เอ็มเอฟซี-สแตรทิจิกสโตเรจฟันด์,SET,อสังหาริมทรัพย์และก่อสร้าง/กองทุนรวมอสังหาริมทรัพย์และกองทรัสต์เพื่อการลงทุนในอสังหาริมทรัพย์
MACO,บริษัท มาสเตอร์ แอด จำกัด (มหาชน),SET,บริการ/สื่อและสิ่งพิมพ์
MAJOR,บริษัท เมเจอร์ ซีนีเพล็กซ์ กรุ้ป จำกัด (มหาชน),SET,บริการ/สื่อและสิ่งพิมพ์
MAKRO,บริษัท สยามแม็คโคร จำกัด (มหาชน),SET,บริการ/พาณิชย์
MALEE,บริษัท มาลีกรุ๊ป จำกัด (มหาชน),SET,เกษตรและอุตสาหกรรมอาหาร/อาหารและเครื่องดื่ม
MANRIN,บริษัท แมนดารินโฮเต็ล จำกัด (มหาชน),SET,บริการ/การท่องเที่ยวและสันทนาการ
MATCH,บริษัท แม็ทชิ่ง แม็กซิไมซ์ โซลูชั่น จำกัด (มหาชน),SET,บริการ/สื่อและสิ่งพิมพ์
MATI,บริษัท มติชน จำกัด (มหาชน),SET,บริการ/สื่อและสิ่งพิมพ์
MAX,บริษัท แมกซ์ เมทัล คอร์ปอเรชั่น จำกัด (มหาชน),SET,เกษตรและอุตสาหกรรมอาหาร/ธุรกิจการเกษตร
MBAX,บริษัท มัลติแบกซ์ จำกัด (มหาชน),mai,สินค้าอุตสาหกรรม
MBK,บริษัท เอ็ม บี เค จำกัด (มหาชน),SET,อสังหาริมทรัพย์และก่อสร้าง/พัฒนาอสังหาริมทรัพย์
MBKET,บริษัทหลักทรัพย์ เมย์แบงก์ กิมเอ็ง (ประเทศไทย) จำกัด (มหาชน),SET,ธุรกิจการเงิน/เงินทุนและหลักทรัพย์
MC,บริษัท แม็คกรุ๊ป จำกัด (มหาชน),SET,บริการ/พาณิชย์
MCOT,บริษัท อสมท จำกัด (มหาชน),SET,บริการ/สื่อและสิ่งพิมพ์
MCS,บริษัท เอ็ม.ซี.เอส.สตีล จำกัด (มหาชน),SET,สินค้าอุตสาหกรรม/เหล็ก และ ผลิตภัณฑ์โลหะ
MDX,บริษัท เอ็ม ดี เอ็กซ์ จำกัด (มหาชน),SET,ทรัพยากร/พลังงานและสาธารณูปโภค
MEGA,บริษัท เมก้า ไลฟ์ไซแอ็นซ์ จำกัด (มหาชน),SET,บริการ/พาณิชย์
MENA,บริษัท มีนาทรานสปอร์ต จำกัด (มหาชน),SET,บริการ/ขนส่งและโลจิสติกส์
META,บริษัท เมตะ คอร์ปอเรชั่น จำกัด (มหาชน),mai,อสังหาริมทรัพย์และก่อสร้าง
METCO,บริษัทมูราโมโต้ อีเล็คตรอน (ประเทศไทย) จำกัด (มหาชน),SET,เทคโนโลยี/ชิ้นส่วนอิเล็กทรอนิกส์
MFC,บริษัทหลักทรัพย์จัดการกองทุน เอ็มเอฟซี จำกัด(มหาชน),SET,ธุรกิจการเงิน/เงินทุนและหลักทรัพย์
MFEC,บริษัท เอ็ม เอฟ อี ซี จำกัด (มหาชน),SET,เทคโนโลยี/เทคโนโลยีสารสนเทศและการสื่อสาร
MGT,บริษัท เมกาเคม (ประเทศไทย) จำกัด (มหาชน),mai,สินค้าอุตสาหกรรม
MICRO,บริษัท ไมโครลิสซิ่ง จำกัด (มหาชน),SET,ธุรกิจการเงิน/เงินทุนและหลักทรัพย์
MIDA,บริษัท ไมด้า แอสเซ็ท จำกัด (มหาชน),SET,บริการ/พาณิชย์
MILL,บริษัท มิลล์คอน สตีล จำกัด (มหาชน),SET,สินค้าอุตสาหกรรม/เหล็ก และ ผลิตภัณฑ์โลหะ
MINT,บริษัท ไมเนอร์ อินเตอร์เนชั่นแนล จำกัด (มหาชน),SET,เกษตรและอุตสาหกรรมอาหาร/อาหารและเครื่องดื่ม
MIPF,กองทุนรวมอสังหาริมทรัพย์มิลเลียนแนร์,SET,อสังหาริมทรัพย์และก่อสร้าง/กองทุนรวมอสังหาริมทรัพย์และกองทรัสต์เพื่อการลงทุนในอสังหาริมทรัพย์
MIT,ทรัสต์เพื่อการลงทุนในอสังหาริมทรัพย์เอ็มเอฟซีอินดัสเตรียล,SET,อสังหาริมทรัพย์และก่อสร้าง/กองทุนรวมอสังหาริมทรัพย์และกองทรัสต์เพื่อการลงทุนในอสังหาริมทรัพย์
MITSIB,บริษัท มิตรสิบ ลิสซิ่ง จำกัด (มหาชน),mai,ธุรกิจการเงิน
MJD,บริษัท เมเจอร์ ดีเวลลอปเม้นท์ จำกัด (มหาชน),SET,อสังหาริมทรัพย์และก่อสร้าง/พัฒนาอสังหาริมทรัพย์
MJLF,กองทุนรวมสิทธิการเช่าอสังหาฯ เมเจอร์ ซีนีเพล็กซ์ ไลฟ์สไตส์,SET,อสังหาริมทรัพย์และก่อสร้าง/กองทุนรวมอสังหาริมทรัพย์และกองทรัสต์เพื่อการลงทุนในอสังหาริมทรัพย์
MK,บริษัท มั่นคงเคหะการ จำกัด (มหาชน),SET,อสังหาริมทรัพย์และก่อสร้าง/พัฒนาอสังหาริมทรัพย์
ML,บริษัท ไมด้า ลิสซิ่ง จำกัด (มหาชน),SET,ธุรกิจการเงิน/เงินทุนและหลักทรัพย์
MNIT,กองทุนรวมอสังหาริมทรัพย์เอ็มเอฟซี-นิชดาธานี,SET,อสังหาริมทรัพย์และก่อสร้าง/กองทุนรวมอสังหาริมทรัพย์และกองทรัสต์เพื่อการลงทุนในอสังหาริมทรัพย์
MNIT2,กองทุนรวมอสังหาริมทรัพย์นิชดาธานี 2,SET,อสังหาริมทรัพย์และก่อสร้าง/กองทุนรวมอสังหาริมทรัพย์และกองทรัสต์เพื่อการลงทุนในอสังหาริมทรัพย์
MNRF,กองทุนรวมอสังหาริมทรัพย์มัลติเนชั่นแนลเรสซิเดนซ์ฟันด์,SET,อสังหาริมทรัพย์และก่อสร้าง/กองทุนรวมอสังหาริมทรัพย์และกองทรัสต์เพื่อการลงทุนในอสังหาริมทรัพย์
MODERN,บริษัท โมเดอร์นฟอร์มกรุ๊ป จำกัด (มหาชน),SET,สินค้าอุปโภคบริโภค/ของใช้ในครัวเรือนและสำนักงาน
MONO,บริษัท โมโน เน็กซ์ จำกัด (มหาชน),SET,บริการ/สื่อและสิ่งพิมพ์
MOONG,บริษัท มุ่งพัฒนา อินเตอร์แนชชั่นแนล จำกัด (มหาชน),mai,สินค้าอุปโภคบริโภค
MORE,บริษัท มอร์ รีเทิร์น จำกัด (มหาชน),mai,บริการ
MPIC,บริษัท เอ็ม พิคเจอร์ส เอ็นเตอร์เทนเม้นท์ จำกัด (มหาชน),SET,บริการ/สื่อและสิ่งพิมพ์
MSC,บริษัท เมโทรซิสเต็มส์คอร์ปอเรชั่น จำกัด (มหาชน),SET,เทคโนโลยี/เทคโนโลยีสารสนเทศและการสื่อสาร
MTC,บริษัท เมืองไทย แคปปิตอล จำกัด (มหาชน),SET,ธุรกิจการเงิน/เงินทุนและหลักทรัพย์
MTI,บริษัท เมืองไทยประกันภัย จำกัด (มหาชน),SET,ธุรกิจการเงิน/ประกันภัยและประกันชีวิต
MUD,บริษัท มัด แอนด์ ฮาวด์ จำกัด (มหาชน),mai,เกษตรและอุตสาหกรรมอาหาร
MVP,บริษัท เอ็ม วิชั่น จำกัด (มหาชน),mai,บริการ
NBC,บริษัท เนชั่น บรอดแคสติ้ง คอร์ปอเรชั่น จำกัด (มหาชน),mai,บริการ
NC,บริษัท นิวซิตี้ (กรุงเทพฯ) จำกัด (มหาชน),SET,สินค้าอุปโภคบริโภค/แฟชั่น
NCAP,บริษัท เน็คซ์ แคปปิตอล จำกัด (มหาชน),SET,ธุรกิจการเงิน/เงินทุนและหลักทรัพย์
NCH,บริษัท เอ็น. ซี. เฮ้าส์ซิ่ง จำกัด (มหาชน),SET,อสังหาริมทรัพย์และก่อสร้าง/พัฒนาอสังหาริมทรัพย์
NCL,บริษัท เอ็นซีแอล อินเตอร์เนชั่นแนล โลจิสติกส์ จำกัด (มหาชน),mai,บริการ
NDR,บริษัท เอ็น.ดี.รับเบอร์ จำกัด (มหาชน),mai,สินค้าอุตสาหกรรม
NEP,บริษัท เอ็นอีพี อสังหาริมทรัพย์ และอุตสาหกรรม จำกัด (มหาชน),SET,สินค้าอุตสาหกรรม/บรรจุภัณฑ์
NER,บริษัท นอร์ทอีส รับเบอร์ จำกัด (มหาชน),SET,เกษตรและอุตสาหกรรมอาหาร/ธุรกิจการเกษตร
NETBAY,บริษัท เน็ตเบย์ จำกัด (มหาชน),mai,เทคโนโลยี
NEW,บริษัท วัฒนาการแพทย์ จำกัด (มหาชน),SET,บริการ/การแพทย์
NEWS,บริษัท นิวส์ เน็ตเวิร์ค คอร์ปอเรชั่น จำกัด (มหาชน),mai,บริการ
NEX,บริษัท เน็กซ์ พอยท์ จำกัด (มหาชน),SET,เทคโนโลยี/ชิ้นส่วนอิเล็กทรอนิกส์
NFC,บริษัท เอ็นเอฟซี จำกัด (มหาชน),SET,สินค้าอุตสาหกรรม/ปิโตรเคมีและเคมีภัณฑ์
NINE,บริษัท เนชั่น อินเตอร์เนชั่นแนล เอ็ดดูเทนเมนท์ จำกัด (มหาชน),mai,บริการ
NKI,บริษัท นวกิจประกันภัย จำกัด (มหาชน),SET,ธุรกิจการเงิน/ประกันภัยและประกันชีวิต
NMG,บริษัท เนชั่น มัลติมีเดีย กรุ๊ป จำกัด (มหาชน),SET,บริการ/สื่อและสิ่งพิมพ์
NNCL,บริษัท นวนคร จำกัด (มหาชน),SET,อสังหาริมทรัพย์และก่อสร้าง/พัฒนาอสังหาริมทรัพย์
NOBLE,บริษัท โนเบิล ดีเวลลอปเมนท์ จำกัด (มหาชน),SET,อสังหาริมทรัพย์และก่อสร้าง/พัฒนาอสังหาริมทรัพย์
NOK,บริษัท สายการบินนกแอร์ จำกัด (มหาชน),SET,บริการ/ขนส่งและโลจิสติกส์
NOVA,บริษัท โนวา เอมไพร์ จำกัด (มหาชน),SET,สินค้าอุตสาหกรรม/เหล็ก และ ผลิตภัณฑ์โลหะ
NPK,บริษัท นิวพลัสนิตติ้ง จำกัด (มหาชน),mai,สินค้าอุปโภคบริโภค
NRF,บริษัท เอ็นอาร์ อินสแตนท์ โปรดิวซ์ จำกัด (มหาชน),SET,เกษตรและอุตสาหกรรมอาหาร/อาหารและเครื่องดื่ม
NSI,บริษัทนำสินประกันภัย จำกัด (มหาชน),SET,ธุรกิจการเงิน/ประกันภัยและประกันชีวิต
NSL,บริษัท เอ็นเอสแอล ฟู้ดส์ จำกัด (มหาชน),SET,เกษตรและอุตสาหกรรมอาหาร/อาหารและเครื่องดื่ม
NTV,บริษัท โรงพยาบาลนนทเวช จำกัด (มหาชน),SET,บริการ/การแพทย์
NUSA,บริษัท ณุศาศิริ จำกัด (มหาชน),SET,อสังหาริมทรัพย์และก่อสร้าง/พัฒนาอสังหาริมทรัพย์
NVD,บริษัท เนอวานา ไดอิ จำกัด (มหาชน),SET,อสังหาริมทรัพย์และก่อสร้าง/พัฒนาอสังหาริมทรัพย์
NWR,บริษัทเนาวรัตน์พัฒนาการ จำกัด (มหาชน),SET,อสังหาริมทรัพย์และก่อสร้าง/บริการรับเหมาก่อสร้าง
NYT,บริษัท นามยง เทอร์มินัล จำกัด (มหาชน),SET,บริการ/ขนส่งและโลจิสติกส์
OCC,บริษัท โอ ซี ซี จำกัด (มหาชน),SET,สินค้าอุปโภคบริโภค/ของใช้ส่วนตัวและเวชภัณฑ์
OCEAN,บริษัท โอเชี่ยน คอมเมิรช จำกัด (มหาชน),mai,สินค้าอุปโภคบริโภค
OGC,บริษัท โอเชียนกลาส จำกัด (มหาชน),SET,สินค้าอุปโภคบริโภค/ของใช้ในครัวเรือนและสำนักงาน
OHTL,บริษัท โอเอชทีแอล จำกัด (มหาชน),SET,บริการ/การท่องเที่ยวและสันทนาการ
OISHI,บริษัท โออิชิ กรุ๊ป จำกัด (มหาชน),SET,เกษตรและอุตสาหกรรมอาหาร/อาหารและเครื่องดื่ม
OR,บริษัท ปตท. น้ำมันและการค้าปลีก จำกัด (มหาชน),SET,ทรัพยากร/พลังงานและสาธารณูปโภค
ORI,บริษัท ออริจิ้น พร็อพเพอร์ตี้ จำกัด (มหาชน),SET,อสังหาริมทรัพย์และก่อสร้าง/พัฒนาอสังหาริมทรัพย์
OSP,บริษัท โอสถสภา จำกัด (มหาชน),SET,เกษตรและอุตสาหกรรมอาหาร/อาหารและเครื่องดื่ม
OTO,บริษัท วันทูวัน คอนแทคส์ จำกัด (มหาชน),mai,บริการ
PACE,บริษัท เพซ ดีเวลลอปเมนท์ คอร์ปอเรชั่น จำกัด (มหาชน),SET,อสังหาริมทรัพย์และก่อสร้าง/พัฒนาอสังหาริมทรัพย์
PACO,บริษัท เพรสซิเด้นท์ ออโตโมบิล อินดัสทรีส์ จำกัด (มหาชน),mai,สินค้าอุตสาหกรรม
PAE,บริษัท พีเออี (ประเทศไทย) จำกัด (มหาชน),SET,อสังหาริมทรัพย์และก่อสร้าง/บริการรับเหมาก่อสร้าง
PAF,บริษัท แพนเอเซียฟุตแวร์ จำกัด (มหาชน),SET,สินค้าอุปโภคบริโภค/แฟชั่น
PAP,บริษัท แปซิฟิกไพพ์ จำกัด (มหาชน),SET,สินค้าอุตสาหกรรม/เหล็ก และ ผลิตภัณฑ์โลหะ
PATO,บริษัท พาโตเคมีอุตสาหกรรม จำกัด (มหาชน),SET,สินค้าอุตสาหกรรม/ปิโตรเคมีและเคมีภัณฑ์
PB,บริษัท เพรซิเดนท์ เบเกอรี่ จำกัด (มหาชน),SET,เกษตรและอุตสาหกรรมอาหาร/อาหารและเครื่องดื่ม
PCSGH,บริษัท พี.ซี.เอส.แมชีน กรุ๊ปโฮลดิ้ง จำกัด (มหาชน),SET,สินค้าอุตสาหกรรม/ยานยนต์
PDG,บริษัท พรอดดิจิ จำกัด (มหาชน),mai,สินค้าอุตสาหกรรม
PDI,บริษัท ผาแดงอินดัสทรี จำกัด (มหาชน),SET,ทรัพยากร/พลังงานและสาธารณูปโภค
PDJ,บริษัท แพรนด้า จิวเวลรี่ จำกัด (มหาชน),SET,สินค้าอุปโภคบริโภค/แฟชั่น
PE,บริษัท พรีเมียร์เอ็นเตอร์ไพรซ์ จำกัด (มหาชน),SET,ธุรกิจการเงิน/เงินทุนและหลักทรัพย์
PERM,บริษัท เพิ่มสินสตีลเวิคส์ จำกัด (มหาชน),SET,สินค้าอุตสาหกรรม/เหล็ก และ ผลิตภัณฑ์โลหะ
PF,บริษัท พร็อพเพอร์ตี้ เพอร์เฟค จำกัด (มหาชน),SET,อสังหาริมทรัพย์และก่อสร้าง/พัฒนาอสังหาริมทรัพย์
PG,บริษัท ประชาอาภรณ์ จำกัด (มหาชน),SET,สินค้าอุปโภคบริโภค/แฟชั่น
PHOL,บริษัท ผลธัญญะ จำกัด (มหาชน),mai,บริการ
PICO,บริษัท ปิโก (ไทยแลนด์) จำกัด (มหาชน),mai,บริการ
PIMO,บริษัท ไพโอเนียร์ มอเตอร์ จำกัด (มหาชน),mai,สินค้าอุตสาหกรรม
PJW,บริษัท ปัญจวัฒนาพลาสติก จำกัด (มหาชน),mai,สินค้าอุตสาหกรรม
PK,บริษัท พัฒน์กล จำกัด (มหาชน),SET,สินค้าอุตสาหกรรม/วัสดุอุตสาหกรรมและเครื่องจักร
PL,บริษัท ภัทรลิสซิ่ง จำกัด (มหาชน),SET,ธุรกิจการเงิน/เงินทุนและหลักทรัพย์
PLANB,บริษัท แพลน บี มีเดีย จำกัด (มหาชน),SET,บริการ/สื่อและสิ่งพิมพ์
PLANET,บริษัท แพลนเน็ต คอมมิวนิเคชั่น เอเชีย จำกัด (มหาชน),mai,เทคโนโลยี
PLAT,บริษัท เดอะ แพลทินัม กรุ๊ป จำกัด (มหาชน),SET,อสังหาริมทรัพย์และก่อสร้าง/พัฒนาอสังหาริมทรัพย์
PLE,บริษัท เพาเวอร์ไลน์ เอ็นจิเนียริ่ง จำกัด (มหาชน),SET,อสังหาริมทรัพย์และก่อสร้าง/บริการรับเหมาก่อสร้าง
PM,บริษัท พรีเมียร์ มาร์เก็ตติ้ง จำกัด (มหาชน),SET,เกษตรและอุตสาหกรรมอาหาร/อาหารและเครื่องดื่ม
PMTA,บริษัท พีเอ็ม โทรีเซน เอเชีย โฮลดิ้งส์ จำกัด (มหาชน),SET,สินค้าอุตสาหกรรม/ปิโตรเคมีและเคมีภัณฑ์
POLAR,บริษัท โพลาริส แคปปิตัล จำกัด (มหาชน),SET,อสังหาริมทรัพย์และก่อสร้าง/พัฒนาอสังหาริมทรัพย์
POMPUI,บริษัท ผลิตภัณฑ์อาหารกว้างไพศาล จำกัด (มหาชน),SET,หมวดบริษัทจดทะเบียนที่อยู่ระหว่างฟื้นฟูการดำเนินงาน
POPF,กองทุนรวมสิทธิการเช่าอสังหาริมทรัพย์ไพร์มออฟฟิศ,SET,อสังหาริมทรัพย์และก่อสร้าง/กองทุนรวมอสังหาริมทรัพย์และกองทรัสต์เพื่อการลงทุนในอสังหาริมทรัพย์
PORT,บริษัท สหไทย เทอร์มินอล จำกัด (มหาชน),SET,บริการ/ขนส่งและโลจิสติกส์
POST,บริษัท บางกอก โพสต์ จำกัด (มหาชน),SET,บริการ/สื่อและสิ่งพิมพ์
PPF,กองทุนรวมอสังหาริมทรัพย์ปิ่นทอง อินดัสเตรียล ปาร์ค,SET,อสังหาริมทรัพย์และก่อสร้าง/กองทุนรวมอสังหาริมทรัพย์และกองทรัสต์เพื่อการลงทุนในอสังหาริมทรัพย์
PPM,บริษัท พรพรหมเม็ททอล จำกัด (มหาชน),mai,สินค้าอุตสาหกรรม
PPP,บริษัท พรีเมียร์ โพรดักส์ จำกัด (มหาชน),SET,อสังหาริมทรัพย์และก่อสร้าง/วัสดุก่อสร้าง
PPPM,บริษัท พีพี ไพร์ม จำกัด (มหาชน),SET,เกษตรและอุตสาหกรรมอาหาร/ธุรกิจการเกษตร
PPS,บริษัท โปรเจค แพลนนิ่ง เซอร์วิส จำกัด (มหาชน),mai,อสังหาริมทรัพย์และก่อสร้าง
PR9,บริษัท โรงพยาบาลพระรามเก้า จำกัด (มหาชน),SET,บริการ/การแพทย์
PRAKIT,บริษัท ประกิต โฮลดิ้งส์ จำกัด (มหาชน),SET,บริการ/สื่อและสิ่งพิมพ์
PRAPAT,บริษัท พีรพัฒน์ เทคโนโลยี จำกัด (มหาชน),mai,สินค้าอุตสาหกรรม
PREB,บริษัท พรีบิลท์ จำกัด (มหาชน),SET,อสังหาริมทรัพย์และก่อสร้าง/บริการรับเหมาก่อสร้าง
PRECHA,บริษัท ปรีชากรุ๊ป จำกัด (มหาชน),SET,อสังหาริมทรัพย์และก่อสร้าง/พัฒนาอสังหาริมทรัพย์
PRG,บริษัท พี อาร์ จี คอร์ปอเรชั่น จำกัด (มหาชน),SET,เกษตรและอุตสาหกรรมอาหาร/อาหารและเครื่องดื่ม
PRIME,บริษัท ไพร์ม โรด เพาเวอร์ จำกัด (มหาชน),SET,ทรัพยากร/พลังงานและสาธารณูปโภค
PRIN,บริษัท ปริญสิริ จำกัด (มหาชน),SET,อสังหาริมทรัพย์และก่อสร้าง/พัฒนาอสังหาริมทรัพย์
PRINC,บริษัท พริ้นซิเพิล แคปิตอล จำกัด (มหาชน),SET,บริการ/การแพทย์
PRM,บริษัท พริมา มารีน จำกัด (มหาชน),SET,บริการ/ขนส่งและโลจิสติกส์
PRO,บริษัท โปรเฟสชั่นแนล เวสต์ เทคโนโลยี (1999) จำกัด (มหาชน),SET,บริการ/บริการเฉพาะกิจ
PROEN,บริษัท โปรเอ็น คอร์ป จำกัด (มหาชน),mai,เทคโนโลยี
PROS,บริษัท พรอสเพอร์ เอ็นจิเนียริ่ง จำกัด (มหาชน),mai,อสังหาริมทรัพย์และก่อสร้าง
PROSPECT,ทรัสต์เพื่อการลงทุนในสิทธิการเช่าอสังหาริมทรัพย์ พรอสเพค โลจิสติกส์และอินดัสเทรียล,SET,อสังหาริมทรัพย์และก่อสร้าง/กองทุนรวมอสังหาริมทรัพย์และกองทรัสต์เพื่อการลงทุนในอสังหาริมทรัพย์
PROUD,บริษัท พราว เรียล เอสเตท จำกัด (มหาชน),mai,อสังหาริมทรัพย์และก่อสร้าง
PSH,บริษัท พฤกษา โฮลดิ้ง จำกัด (มหาชน),SET,อสังหาริมทรัพย์และก่อสร้าง/พัฒนาอสังหาริมทรัพย์
PSL,บริษัท พรีเชียส ชิพปิ้ง จำกัด (มหาชน),SET,บริการ/ขนส่งและโลจิสติกส์
PSTC,บริษัท เพาเวอร์ โซลูชั่น เทคโนโลยี จำกัด (มหาชน),mai,ทรัพยากร
PT,บริษัท พรีเมียร์ เทคโนโลยี จำกัด (มหาชน),SET,เทคโนโลยี/เทคโนโลยีสารสนเทศและการสื่อสาร
PTG,บริษัท พีทีจี เอ็นเนอยี จำกัด (มหาชน),SET,ทรัพยากร/พลังงานและสาธารณูปโภค
PTL,บริษัท โพลีเพล็กซ์ (ประเทศไทย) จำกัด (มหาชน),SET,สินค้าอุตสาหกรรม/บรรจุภัณฑ์
PTT,บริษัท ปตท. จำกัด (มหาชน),SET,ทรัพยากร/พลังงานและสาธารณูปโภค
PTTEP,บริษัท ปตท. สำรวจและผลิตปิโตรเลียม จำกัด (มหาชน),SET,ทรัพยากร/พลังงานและสาธารณูปโภค
PTTGC,บริษัท พีทีที โกลบอล เคมิคอล จำกัด (มหาชน),SET,สินค้าอุตสาหกรรม/ปิโตรเคมีและเคมีภัณฑ์
PYLON,บริษัท ไพลอน จำกัด (มหาชน),SET,อสังหาริมทรัพย์และก่อสร้าง/บริการรับเหมาก่อสร้าง
Q-CON,บริษัท ควอลิตี้คอนสตรัคชั่นโปรดัคส์ จำกัด (มหาชน),SET,อสังหาริมทรัพย์และก่อสร้าง/วัสดุก่อสร้าง
QH,บริษัท ควอลิตี้เฮ้าส์ จำกัด (มหาชน),SET,อสังหาริมทรัพย์และก่อสร้าง/พัฒนาอสังหาริมทรัพย์
QHHR,กองทุนรวมอสังหาริมทรัพย์และสิทธิการเช่า ควอลิตี้ เฮ้าส์ โฮเทล แอนด์  เรซิเดนซ์,SET,อสังหาริมทรัพย์และก่อสร้าง/กองทุนรวมอสังหาริมทรัพย์และกองทรัสต์เพื่อการลงทุนในอสังหาริมทรัพย์
QHOP,กองทุนรวมสิทธิการเช่าอสังหาริมทรัพย์ควอลิตี้ ฮอสพิทอลลิตี้,SET,อสังหาริมทรัพย์และก่อสร้าง/กองทุนรวมอสังหาริมทรัพย์และกองทรัสต์เพื่อการลงทุนในอสังหาริมทรัพย์
QHPF,กองทุนรวมสิทธิการเช่าอสังหาริมทรัพย์ควอลิตี้ เฮ้าส์,SET,อสังหาริมทรัพย์และก่อสร้าง/กองทุนรวมอสังหาริมทรัพย์และกองทรัสต์เพื่อการลงทุนในอสังหาริมทรัพย์
QLT,บริษัท ควอลลีเทค จำกัด (มหาชน),mai,บริการ
QTC,บริษัท คิวทีซี เอนเนอร์ยี่ จำกัด (มหาชน),SET,ทรัพยากร/พลังงานและสาธารณูปโภค
RAM,บริษัท โรงพยาบาลรามคำแหง จำกัด (มหาชน),SET,บริการ/การแพทย์
RATCH,บริษัท ราช กรุ๊ป จำกัด (มหาชน),SET,ทรัพยากร/พลังงานและสาธารณูปโภค
RBF,บริษัท อาร์ แอนด์ บี ฟู้ด ซัพพลาย จำกัด (มหาชน),SET,เกษตรและอุตสาหกรรมอาหาร/อาหารและเครื่องดื่ม
RCL,บริษัท อาร์ ซี แอล จำกัด (มหาชน),SET,บริการ/ขนส่งและโลจิสติกส์
RICHY,บริษัท ริชี่ เพลซ 2002 จำกัด (มหาชน),SET,อสังหาริมทรัพย์และก่อสร้าง/พัฒนาอสังหาริมทรัพย์
RJH,บริษัท โรงพยาบาลราชธานี จำกัด (มหาชน),SET,บริการ/การแพทย์
RML,บริษัท ไรมอน แลนด์ จำกัด (มหาชน),SET,อสังหาริมทรัพย์และก่อสร้าง/พัฒนาอสังหาริมทรัพย์
ROCK,บริษัท ร้อกเวิธ จำกัด (มหาชน),SET,สินค้าอุปโภคบริโภค/ของใช้ในครัวเรือนและสำนักงาน
ROH,บริษัท โรงแรมรอยัล ออคิด (ประเทศไทย) จำกัด (มหาชน),SET,บริการ/การท่องเที่ยวและสันทนาการ
ROJNA,บริษัท สวนอุตสาหกรรมโรจนะ จำกัด (มหาชน),SET,อสังหาริมทรัพย์และก่อสร้าง/พัฒนาอสังหาริมทรัพย์
RP,บริษัท ท่าเรือราชาเฟอร์รี่ จำกัด (มหาชน),mai,บริการ
RPC,บริษัท อาร์พีซีจี จำกัด (มหาชน),SET,ทรัพยากร/พลังงานและสาธารณูปโภค
RPH,บริษัท โรงพยาบาลราชพฤกษ์ จำกัด (มหาชน),SET,บริการ/การแพทย์
RS,บริษัท อาร์เอส จำกัด (มหาชน),SET,บริการ/พาณิชย์
RSP,บริษัท ริช สปอร์ต จำกัด (มหาชน),SET,บริการ/พาณิชย์
RT,บริษัท ไร้ท์ทันเน็ลลิ่ง จำกัด (มหาชน),SET,อสังหาริมทรัพย์และก่อสร้าง/บริการรับเหมาก่อสร้าง
RWI,บริษัท ระยองไวร์ อินดัสตรีส์ จำกัด (มหาชน),mai,สินค้าอุตสาหกรรม
S,บริษัท สิงห์ เอสเตท จำกัด (มหาชน),SET,อสังหาริมทรัพย์และก่อสร้าง/พัฒนาอสังหาริมทรัพย์
S & J,บ.เอส แอนด์ เจ อินเตอร์เนชั่นแนล เอนเตอร์ไพรส์ จำกัด (มหาชน),SET,สินค้าอุปโภคบริโภค/ของใช้ส่วนตัวและเวชภัณฑ์
S11,บริษัท เอส 11 กรุ๊ป จำกัด (มหาชน),SET,ธุรกิจการเงิน/เงินทุนและหลักทรัพย์
SA,บริษัท ไซมิส แอสเสท จำกัด (มหาชน),SET,อสังหาริมทรัพย์และก่อสร้าง/พัฒนาอสังหาริมทรัพย์
SAAM,บริษัท เอสเอเอเอ็ม เอ็นเนอร์ยี่ ดีเวลลอปเมนท์ จำกัด (มหาชน),mai,ทรัพยากร
SABINA,บริษัท ซาบีน่า จำกัด (มหาชน),SET,สินค้าอุปโภคบริโภค/แฟชั่น
SABUY,บริษัท สบาย เทคโนโลยี จำกัด (มหาชน),SET,บริการ/พาณิชย์
SAFARI,บริษัท ซาฟารีเวิลด์ จำกัด (มหาชน),SET,หมวดบริษัทจดทะเบียนที่อยู่ระหว่างฟื้นฟูการดำเนินงาน
SAK,บริษัท ศักดิ์สยามลิสซิ่ง จำกัด (มหาชน),SET,ธุรกิจการเงิน/เงินทุนและหลักทรัพย์
SALEE,บริษัท สาลี่อุตสาหกรรม จำกัด (มหาชน),mai,สินค้าอุตสาหกรรม
SAM,บริษัท สามชัย สตีล อินดัสทรี จำกัด (มหาชน),SET,สินค้าอุตสาหกรรม/เหล็ก และ ผลิตภัณฑ์โลหะ
SAMART,บริษัท สามารถคอร์ปอเรชั่น จำกัด (มหาชน),SET,เทคโนโลยี/เทคโนโลยีสารสนเทศและการสื่อสาร
SAMCO,บริษัท สัมมากร จำกัด (มหาชน),SET,อสังหาริมทรัพย์และก่อสร้าง/พัฒนาอสังหาริมทรัพย์
SAMTEL,บริษัท สามารถเทลคอม จำกัด (มหาชน),SET,เทคโนโลยี/เทคโนโลยีสารสนเทศและการสื่อสาร
SANKO,บริษัท ซังโกะ ไดคาซติ้ง (ประเทศไทย) จำกัด (มหาชน),mai,สินค้าอุตสาหกรรม
SAPPE,บริษัท เซ็ปเป้ จำกัด (มหาชน),SET,เกษตรและอุตสาหกรรมอาหาร/อาหารและเครื่องดื่ม
SAT,บริษัท สมบูรณ์ แอ๊ดวานซ์ เทคโนโลยี จำกัด (มหาชน),SET,สินค้าอุตสาหกรรม/ยานยนต์
SAUCE,บริษัท ไทยเทพรส จำกัด (มหาชน),SET,เกษตรและอุตสาหกรรมอาหาร/อาหารและเครื่องดื่ม
SAWAD,บริษัท ศรีสวัสดิ์ คอร์ปอเรชั่น จำกัด (มหาชน),SET,ธุรกิจการเงิน/เงินทุนและหลักทรัพย์
SAWANG,บริษัท สว่างเอ็กซ์ปอร์ต จำกัด (มหาชน),SET,สินค้าอุปโภคบริโภค/แฟชั่น
SBPF,กองทุนรวมอสังหาริมทรัพย์ สมุยบุรี,SET,อสังหาริมทรัพย์และก่อสร้าง/กองทุนรวมอสังหาริมทรัพย์และกองทรัสต์เพื่อการลงทุนในอสังหาริมทรัพย์
SC,บริษัท เอสซี แอสเสท คอร์ปอเรชั่น จำกัด (มหาชน),SET,อสังหาริมทรัพย์และก่อสร้าง/พัฒนาอสังหาริมทรัพย์
SCB,ธนาคารไทยพาณิชย์ จำกัด (มหาชน),SET,ธุรกิจการเงิน/ธนาคาร
SCC,บริษัท ปูนซิเมนต์ไทย จำกัด(มหาชน),SET,อสังหาริมทรัพย์และก่อสร้าง/วัสดุก่อสร้าง
SCCC,บริษัท ปูนซีเมนต์นครหลวง จำกัด (มหาชน),SET,อสังหาริมทรัพย์และก่อสร้าง/วัสดุก่อสร้าง
SCG,บริษัท สหโคเจน (ชลบุรี) จำกัด (มหาชน),SET,ทรัพยากร/พลังงานและสาธารณูปโภค
SCGP,บริษัท เอสซีจี แพคเกจจิ้ง จำกัด (มหาชน),SET,สินค้าอุตสาหกรรม/บรรจุภัณฑ์
SCI,บริษัท เอสซีไอ อีเลคตริค จำกัด (มหาชน),SET,ทรัพยากร/พลังงานและสาธารณูปโภค
SCM,บริษัท ซัคเซสมอร์ บีอิ้งค์ จำกัด (มหาชน),SET,บริการ/พาณิชย์
SCN,บริษัท สแกน อินเตอร์ จำกัด (มหาชน),SET,ทรัพยากร/พลังงานและสาธารณูปโภค
SCP,บริษัท ทักษิณคอนกรีต จำกัด (มหาชน),SET,อสังหาริมทรัพย์และก่อสร้าง/วัสดุก่อสร้าง
SDC,บริษัท สามารถ ดิจิตอล จำกัด (มหาชน),SET,เทคโนโลยี/เทคโนโลยีสารสนเทศและการสื่อสาร
SE,บริษัท สยามอีสต์ โซลูชั่น จำกัด (มหาชน),mai,บริการ
SE-ED,บริษัท ซีเอ็ดยูเคชั่น จำกัด (มหาชน),SET,บริการ/สื่อและสิ่งพิมพ์
SEAFCO,บริษัท ซีฟโก้ จำกัด (มหาชน),SET,อสังหาริมทรัพย์และก่อสร้าง/บริการรับเหมาก่อสร้าง
SEAOIL,บริษัท ซีออยล์ จำกัด (มหาชน),mai,ทรัพยากร
SECURE,บริษัท เอ็นฟอร์ซ ซีเคียว จำกัด (มหาชน),mai,เทคโนโลยี
SELIC,บริษัท ซีลิค คอร์พ จำกัด (มหาชน),mai,สินค้าอุตสาหกรรม
SENA,บริษัท เสนาดีเวลลอปเม้นท์ จำกัด (มหาชน),SET,อสังหาริมทรัพย์และก่อสร้าง/พัฒนาอสังหาริมทรัพย์
SF,บริษัท สยามฟิวเจอร์ดีเวลอปเมนท์ จำกัด (มหาชน),SET,อสังหาริมทรัพย์และก่อสร้าง/พัฒนาอสังหาริมทรัพย์
SFLEX,บริษัท สตาร์เฟล็กซ์ จำกัด (มหาชน),SET,สินค้าอุตสาหกรรม/บรรจุภัณฑ์
SFP,บริษัท อาหารสยาม จำกัด(มหาชน),SET,เกษตรและอุตสาหกรรมอาหาร/อาหารและเครื่องดื่ม
SFT,บริษัท ชริ้งเฟล็กซ์ (ประเทศไทย) จำกัด (มหาชน),mai,สินค้าอุตสาหกรรม
SGF,บริษัท เอสจีเอฟ แคปปิตอล จำกัด (มหาชน),mai,ธุรกิจการเงิน
SGP,บริษัท สยามแก๊ส แอนด์ ปิโตรเคมีคัลส์ จำกัด (มหาชน),SET,ทรัพยากร/พลังงานและสาธารณูปโภค
SHANG,บริษัท แชงกรี-ลา โฮเต็ล จำกัด (มหาชน),SET,บริการ/การท่องเที่ยวและสันทนาการ
SHR,บริษัท เอส โฮเทล แอนด์ รีสอร์ท จำกัด (มหาชน),SET,บริการ/การท่องเที่ยวและสันทนาการ
SHREIT,ทรัสต์เพื่อการลงทุนในอสังหาริมทรัพย์แบบต่ออายุได้เพื่อธุรกิจโรงแรมและสิทธิการเช่าสตราทีจิก ฮอสพิทอลลิตี้,SET,อสังหาริมทรัพย์และก่อสร้าง/กองทุนรวมอสังหาริมทรัพย์และกองทรัสต์เพื่อการลงทุนในอสังหาริมทรัพย์
SIAM,บริษัท สยามสตีลอินเตอร์เนชั่นแนล จำกัด (มหาชน),SET,สินค้าอุปโภคบริโภค/ของใช้ในครัวเรือนและสำนักงาน
SICT,บริษัท ซิลิคอน คราฟท์ เทคโนโลยี จำกัด (มหาชน),mai,เทคโนโลยี
SIMAT,บริษัท ไซแมท เทคโนโลยี จำกัด (มหาชน),mai,เทคโนโลยี
SINGER,บริษัท ซิงเกอร์ประเทศไทย จำกัด (มหาชน),SET,บริการ/พาณิชย์
SIRI,บริษัท แสนสิริ จำกัด (มหาชน),SET,อสังหาริมทรัพย์และก่อสร้าง/พัฒนาอสังหาริมทรัพย์
SIRIP,กองทุนรวมอสังหาริมทรัพย์แสนสิริ ไพร์มออฟฟิศ,SET,อสังหาริมทรัพย์และก่อสร้าง/กองทุนรวมอสังหาริมทรัพย์และกองทรัสต์เพื่อการลงทุนในอสังหาริมทรัพย์
SIS,บริษัท เอสไอเอส ดิสทริบิวชั่น (ประเทศไทย) จำกัด (มหาชน),SET,เทคโนโลยี/เทคโนโลยีสารสนเทศและการสื่อสาร
SISB,บริษัท เอสไอเอสบี จำกัด (มหาชน),SET,บริการ/บริการเฉพาะกิจ
SITHAI,บริษัท ศรีไทยซุปเปอร์แวร์ จำกัด (มหาชน),SET,สินค้าอุตสาหกรรม/บรรจุภัณฑ์
SK,บริษัท ศิรกร จำกัด (มหาชน),mai,อสังหาริมทรัพย์และก่อสร้าง
SKE,บริษัท สากล เอนเนอยี จำกัด (มหาชน),SET,ทรัพยากร/พลังงานและสาธารณูปโภค
SKN,บริษัท ส.กิจชัย เอ็นเตอร์ไพรส์ จำกัด (มหาชน),SET,อสังหาริมทรัพย์และก่อสร้าง/วัสดุก่อสร้าง
SKR,บริษัท ศิครินทร์ จำกัด (มหาชน),SET,บริการ/การแพทย์
SKY,บริษัท สกาย ไอซีที จำกัด (มหาชน),SET,เทคโนโลยี/เทคโนโลยีสารสนเทศและการสื่อสาร
SLM,บริษัท เอส แอล เอ็ม คอร์ปอเรชั่น จำกัด (มหาชน),mai,บริการ
SLP,บริษัท สาลี่ พริ้นท์ติ้ง จำกัด (มหาชน),SET,สินค้าอุตสาหกรรม/บรรจุภัณฑ์
SMART,บริษัท สมาร์ทคอนกรีต จำกัด (มหาชน),mai,อสังหาริมทรัพย์และก่อสร้าง
SMD,บริษัท เซนต์เมด จำกัด (มหาชน),mai,สินค้าอุปโภคบริโภค
SMIT,บริษัท สหมิตรเครื่องกล จำกัด (มหาชน),SET,สินค้าอุตสาหกรรม/เหล็ก และ ผลิตภัณฑ์โลหะ
SMK,บริษัท สินมั่นคงประกันภัย จำกัด (มหาชน),SET,ธุรกิจการเงิน/ประกันภัยและประกันชีวิต
SMPC,บริษัท สหมิตรถังแก๊ส จำกัด (มหาชน),SET,สินค้าอุตสาหกรรม/บรรจุภัณฑ์
SMT,บริษัท สตาร์ส ไมโครอิเล็กทรอนิกส์ (ประเทศไทย) จำกัด (มหาชน),SET,เทคโนโลยี/ชิ้นส่วนอิเล็กทรอนิกส์
SNC,บริษัท เอส เอ็น ซี ฟอร์เมอร์ จำกัด (มหาชน),SET,สินค้าอุตสาหกรรม/วัสดุอุตสาหกรรมและเครื่องจักร
SNNP,บริษัท ศรีนานาพร มาร์เก็ตติ้ง จำกัด (มหาชน),SET,เกษตรและอุตสาหกรรมอาหาร/อาหารและเครื่องดื่ม
SNP,บริษัท เอส แอนด์ พี ซินดิเคท จำกัด (มหาชน),SET,เกษตรและอุตสาหกรรมอาหาร/อาหารและเครื่องดื่ม
SO,บริษัท สยามราชธานี จำกัด (มหาชน),SET,บริการ/บริการเฉพาะกิจ
SOLAR,บริษัท โซลาร์ตรอน จำกัด (มหาชน),SET,ทรัพยากร/พลังงานและสาธารณูปโภค
SONIC,บริษัท โซนิค อินเตอร์เฟรท จำกัด (มหาชน),mai,บริการ
SORKON,บริษัท ส. ขอนแก่นฟู้ดส์ จำกัด (มหาชน),SET,เกษตรและอุตสาหกรรมอาหาร/อาหารและเครื่องดื่ม
SPA,บริษัท สยามเวลเนสกรุ๊ป จำกัด (มหาชน),mai,บริการ
SPACK,บริษัท เอส. แพ็ค แอนด์ พริ้นท์ จำกัด (มหาชน),SET,สินค้าอุตสาหกรรม/บรรจุภัณฑ์
SPALI,บริษัท ศุภาลัย จำกัด (มหาชน),SET,อสังหาริมทรัพย์และก่อสร้าง/พัฒนาอสังหาริมทรัพย์
SPC,บริษัท สหพัฒนพิบูล จำกัด (มหาชน),SET,บริการ/พาณิชย์
SPCG,บริษัท เอสพีซีจี จำกัด (มหาชน),SET,ทรัพยากร/พลังงานและสาธารณูปโภค
SPG,บริษัท สยามภัณฑ์กรุ๊ป จำกัด (มหาชน),SET,สินค้าอุตสาหกรรม/ยานยนต์
SPI,บริษัท สหพัฒนาอินเตอร์โฮลดิ้ง จำกัด (มหาชน),SET,บริการ/พาณิชย์
SPRC,บริษัท สตาร์ ปิโตรเลียม รีไฟน์นิ่ง จำกัด (มหาชน),SET,ทรัพยากร/พลังงานและสาธารณูปโภค
SPRIME,ทรัสต์เพื่อการลงทุนในสิทธิการเช่าอสังหาริมทรัพย์ เอส ไพรม์ โกรท,SET,อสังหาริมทรัพย์และก่อสร้าง/กองทุนรวมอสังหาริมทรัพย์และกองทรัสต์เพื่อการลงทุนในอสังหาริมทรัพย์
SPVI,บริษัท เอส พี วี ไอ จำกัด (มหาชน),mai,เทคโนโลยี
SQ,บริษัท สหกลอิควิปเมนท์ จำกัด (มหาชน),SET,อสังหาริมทรัพย์และก่อสร้าง/บริการรับเหมาก่อสร้าง
SR,บริษัท สยามราช จำกัด (มหาชน),mai,ทรัพยากร
SRICHA,บริษัท ศรีราชาคอนสตรัคชั่น จำกัด (มหาชน),SET,อสังหาริมทรัพย์และก่อสร้าง/บริการรับเหมาก่อสร้าง
SRIPANWA,ทรัสต์เพื่อการลงทุนในอสังหาริมทรัพย์โรงแรมศรีพันวา,SET,อสังหาริมทรัพย์และก่อสร้าง/กองทุนรวมอสังหาริมทรัพย์และกองทรัสต์เพื่อการลงทุนในอสังหาริมทรัพย์
SSC,บริษัท เสริมสุข จำกัด (มหาชน),SET,เกษตรและอุตสาหกรรมอาหาร/อาหารและเครื่องดื่ม
SSF,บริษัท สุรพลฟู้ดส์ จำกัด (มหาชน),SET,เกษตรและอุตสาหกรรมอาหาร/อาหารและเครื่องดื่ม
SSP,บริษัท เสริมสร้าง พาวเวอร์ คอร์ปอเรชั่น จำกัด (มหาชน),SET,ทรัพยากร/พลังงานและสาธารณูปโภค
SSPF,กองทุนรวมอสังหาริมทรัพย์ศาลาแอทสาทร,SET,อสังหาริมทรัพย์และก่อสร้าง/กองทุนรวมอสังหาริมทรัพย์และกองทรัสต์เพื่อการลงทุนในอสังหาริมทรัพย์
SSSC,บริษัท ศูนย์บริการเหล็กสยาม จำกัด (มหาชน),SET,สินค้าอุตสาหกรรม/เหล็ก และ ผลิตภัณฑ์โลหะ
SST,บริษัท ทรัพย์ศรีไทย จำกัด (มหาชน),SET,เกษตรและอุตสาหกรรมอาหาร/อาหารและเครื่องดื่ม
SSTRT,ทรัสต์เพื่อการลงทุนในอสังหาริมทรัพย์ทรัพย์ศรีไทย,SET,อสังหาริมทรัพย์และก่อสร้าง/กองทุนรวมอสังหาริมทรัพย์และกองทรัสต์เพื่อการลงทุนในอสังหาริมทรัพย์
STA,บริษัท ศรีตรังแอโกรอินดัสทรี จำกัด (มหาชน),SET,เกษตรและอุตสาหกรรมอาหาร/ธุรกิจการเกษตร
STANLY,บริษัท ไทยสแตนเลย์การไฟฟ้า จำกัด (มหาชน),SET,สินค้าอุตสาหกรรม/ยานยนต์
STAR,บริษัท สตาร์ ยูนิเวอร์แซล เน็ตเวิร์ค จำกัด (มหาชน),mai,อสังหาริมทรัพย์และก่อสร้าง
STARK,บริษัท สตาร์ค คอร์เปอเรชั่น จำกัด (มหาชน),SET,สินค้าอุตสาหกรรม/วัสดุอุตสาหกรรมและเครื่องจักร
STC,บริษัท เอสทีซี คอนกรีตโปรดัคท์ จำกัด (มหาชน),mai,อสังหาริมทรัพย์และก่อสร้าง
STEC,บริษัท ซิโน-ไทย เอ็นจีเนียริ่งแอนด์คอนสตรัคชั่น จำกัด(มหาชน),SET,อสังหาริมทรัพย์และก่อสร้าง/บริการรับเหมาก่อสร้าง
STECH,บริษัท สยามเทคนิคคอนกรีต จำกัด (มหาชน),SET,อสังหาริมทรัพย์และก่อสร้าง/วัสดุก่อสร้าง
STGT,บริษัท ศรีตรังโกลฟส์ (ประเทศไทย) จำกัด (มหาชน),SET,สินค้าอุปโภคบริโภค/ของใช้ส่วนตัวและเวชภัณฑ์
STHAI,บริษัท ซันไทยอุตสาหกรรมถุงมือยาง จำกัด (มหาชน),SET,สินค้าอุปโภคบริโภค/ของใช้ส่วนตัวและเวชภัณฑ์
STI,บริษัท สโตนเฮ้นจ์ อินเตอร์ จำกัด (มหาชน),mai,อสังหาริมทรัพย์และก่อสร้าง
STOWER,บริษัท สกาย ทาวเวอร์ จำกัด (มหาชน),mai,ทรัพยากร
STPI,บริษัท เอสทีพี แอนด์ ไอ จำกัด (มหาชน),SET,อสังหาริมทรัพย์และก่อสร้าง/บริการรับเหมาก่อสร้าง
SUC,บริษัท สหยูเนี่ยน จำกัด (มหาชน),SET,สินค้าอุปโภคบริโภค/แฟชั่น
SUN,บริษัท ซันสวีท จำกัด (มหาชน),SET,เกษตรและอุตสาหกรรมอาหาร/อาหารและเครื่องดื่ม
SUPER,บริษัท ซุปเปอร์ เอนเนอร์ยี คอร์เปอเรชั่น จำกัด (มหาชน),SET,ทรัพยากร/พลังงานและสาธารณูปโภค
SUPEREIF,กองทุนรวมโครงสร้างพื้นฐานโรงไฟฟ้า ซุปเปอร์ เอนเนอร์ยี,SET,ทรัพยากร/พลังงานและสาธารณูปโภค
SUSCO,บริษัท ซัสโก้ จำกัด (มหาชน),SET,ทรัพยากร/พลังงานและสาธารณูปโภค
SUTHA,บริษัท สุธากัญจน์ จำกัด (มหาชน),SET,สินค้าอุตสาหกรรม/ปิโตรเคมีและเคมีภัณฑ์
SVH,บริษัท สมิติเวช จำกัด (มหาชน),SET,บริการ/การแพทย์
SVI,บริษัท เอสวีไอ จำกัด (มหาชน),SET,เทคโนโลยี/ชิ้นส่วนอิเล็กทรอนิกส์
SVOA,บริษัท เอสวีโอเอ จำกัด (มหาชน),SET,เทคโนโลยี/เทคโนโลยีสารสนเทศและการสื่อสาร
SWC,บริษัท เชอร์วู้ด คอร์ปอเรชั่น (ประเทศไทย) จำกัด (มหาชน),mai,สินค้าอุตสาหกรรม
SYMC,บริษัท ซิมโฟนี่ คอมมูนิเคชั่น จำกัด (มหาชน),SET,เทคโนโลยี/เทคโนโลยีสารสนเทศและการสื่อสาร
SYNEX,บริษัท ซินเน็ค (ประเทศไทย) จำกัด (มหาชน),SET,เทคโนโลยี/เทคโนโลยีสารสนเทศและการสื่อสาร
SYNTEC,บริษัท ซินเท็ค คอนสตรัคชั่น จำกัด (มหาชน),SET,อสังหาริมทรัพย์และก่อสร้าง/บริการรับเหมาก่อสร้าง
T,บริษัท ที เอ็นจิเนียร์ริ่ง คอร์เปอร์เรชั่น จำกัด (มหาชน),mai,อสังหาริมทรัพย์และก่อสร้าง
TACC,บริษัท ที.เอ.ซี. คอนซูเมอร์ จำกัด (มหาชน),mai,เกษตรและอุตสาหกรรมอาหาร
TAE,บริษัท ไทย อะโกร เอ็นเนอร์ยี่ จำกัด (มหาชน),SET,ทรัพยากร/พลังงานและสาธารณูปโภค
TAKUNI,บริษัท ทาคูนิ กรุ๊ป จำกัด (มหาชน),mai,ทรัพยากร
TAPAC,บริษัท ทาพาโก้ จำกัด (มหาชน),mai,อสังหาริมทรัพย์และก่อสร้าง
TASCO,บริษัท ทิปโก้แอสฟัลท์ จำกัด (มหาชน),SET,อสังหาริมทรัพย์และก่อสร้าง/วัสดุก่อสร้าง
TBSP,บริษัท ทีบีเอสพี จำกัด (มหาชน),SET,บริการ/สื่อและสิ่งพิมพ์
TC,บริษัท ทรอปิคอลแคนนิ่ง (ประเทศไทย) จำกัด (มหาชน),SET,เกษตรและอุตสาหกรรมอาหาร/อาหารและเครื่องดื่ม
TCAP,บริษัท ทุนธนชาต จำกัด (มหาชน),SET,ธุรกิจการเงิน/ธนาคาร
TCC,บริษัท ไทย แคปปิตอล คอร์ปอเรชั่น จำกัด (มหาชน),SET,ทรัพยากร/พลังงานและสาธารณูปโภค
TCCC,บริษัท ไทยเซ็นทรัลเคมี จำกัด (มหาชน),SET,สินค้าอุตสาหกรรม/ปิโตรเคมีและเคมีภัณฑ์
TCJ,บริษัท ที.ซี.เจ.เอเซีย จำกัด (มหาชน),SET,สินค้าอุตสาหกรรม/วัสดุอุตสาหกรรมและเครื่องจักร
TCMC,บริษัท ทีซีเอ็ม คอร์ปอเรชั่น จำกัด (มหาชน),SET,สินค้าอุปโภคบริโภค/ของใช้ในครัวเรือนและสำนักงาน
TCOAT,บริษัท อุตสาหกรรมผ้าเคลือบพลาสติกไทย จำกัด (มหาชน),SET,สินค้าอุตสาหกรรม/บรรจุภัณฑ์
TEAM,บริษัท ทีมพรีซิชั่น จำกัด (มหาชน),SET,เทคโนโลยี/ชิ้นส่วนอิเล็กทรอนิกส์
TEAMG,บริษัท ทีม คอนซัลติ้ง เอนจิเนียริ่ง แอนด์ แมเนจเมนท์ จำกัด (มหาชน),SET,อสังหาริมทรัพย์และก่อสร้าง/บริการรับเหมาก่อสร้าง
TFFIF,กองทุนรวมโครงสร้างพื้นฐานเพื่ออนาคตประเทศไทย,SET,บริการ/ขนส่งและโลจิสติกส์
TFG,บริษัท ไทยฟู้ดส์ กรุ๊ป จำกัด (มหาชน),SET,เกษตรและอุตสาหกรรมอาหาร/อาหารและเครื่องดื่ม
TFI,บริษัท ไทยฟิล์มอินดัสตรี่ จำกัด (มหาชน),SET,สินค้าอุตสาหกรรม/บรรจุภัณฑ์
TFMAMA,บริษัท ไทยเพรซิเดนท์ฟูดส์ จำกัด (มหาชน),SET,เกษตรและอุตสาหกรรมอาหาร/อาหารและเครื่องดื่ม
TGH,บริษัท เครือไทย โฮลดิ้งส์ จำกัด (มหาชน),SET,ธุรกิจการเงิน/ประกันภัยและประกันชีวิต
TGPRO,บริษัท ไทย-เยอรมัน โปรดักส์ จำกัด (มหาชน),SET,สินค้าอุตสาหกรรม/เหล็ก และ ผลิตภัณฑ์โลหะ
TH,บริษัท ตงฮั้ว โฮลดิ้ง จำกัด (มหาชน),SET,บริการ/สื่อและสิ่งพิมพ์
THAI,บริษัท การบินไทย จำกัด (มหาชน),SET,บริการ/ขนส่งและโลจิสติกส์
THANA,บริษัท ธนาสิริ กรุ๊ป จำกัด (มหาชน),mai,อสังหาริมทรัพย์และก่อสร้าง
THANI,บริษัท ราชธานีลิสซิ่ง จำกัด (มหาชน),SET,ธุรกิจการเงิน/เงินทุนและหลักทรัพย์
THCOM,บริษัท ไทยคม จำกัด (มหาชน),SET,เทคโนโลยี/เทคโนโลยีสารสนเทศและการสื่อสาร
THE,บริษัท เดอะ สตีล จำกัด (มหาชน),SET,สินค้าอุตสาหกรรม/เหล็ก และ ผลิตภัณฑ์โลหะ
THG,บริษัท ธนบุรี เฮลท์แคร์ กรุ๊ป จำกัด (มหาชน),SET,บริการ/การแพทย์
THIP,บริษัท ทานตะวันอุตสาหกรรม จำกัด (มหาชน),SET,สินค้าอุตสาหกรรม/บรรจุภัณฑ์
THL,บริษัท ทุ่งคาฮาเบอร์ จำกัด (มหาชน),SET,ทรัพยากร/เหมืองแร่
THMUI,บริษัท ไทยมุ้ย คอร์ปอเรชั่น จำกัด (มหาชน),mai,บริการ
THRE,บริษัท ไทยรับประกันภัยต่อ จำกัด (มหาชน),SET,ธุรกิจการเงิน/ประกันภัยและประกันชีวิต
THREL,บริษัท ไทยรีประกันชีวิต จำกัด (มหาชน),SET,ธุรกิจการเงิน/ประกันภัยและประกันชีวิต
TIDLOR,บริษัท เงินติดล้อ จำกัด (มหาชน),SET,ธุรกิจการเงิน/เงินทุนและหลักทรัพย์
TIF1,กองทุนรวมอสังหาริมทรัพย์ไทยอินดัสเตรียล 1,SET,อสังหาริมทรัพย์และก่อสร้าง/กองทุนรวมอสังหาริมทรัพย์และกองทรัสต์เพื่อการลงทุนในอสังหาริมทรัพย์
TIGER,บริษัท ไทย อิงเกอร์ โฮลดิ้ง จำกัด (มหาชน),mai,อสังหาริมทรัพย์และก่อสร้าง
TIP,บริษัท ทิพยประกันภัย จำกัด (มหาชน),SET,ธุรกิจการเงิน/ประกันภัยและประกันชีวิต
TIPCO,บริษัท ทิปโก้ฟูดส์ จำกัด (มหาชน),SET,เกษตรและอุตสาหกรรมอาหาร/อาหารและเครื่องดื่ม
TISCO,บริษัท ทิสโก้ไฟแนนเชียลกรุ๊ป จำกัด (มหาชน),SET,ธุรกิจการเงิน/ธนาคาร
TITLE,บริษัท ร่มโพธิ์ พร็อพเพอร์ตี้ จำกัด (มหาชน),mai,อสังหาริมทรัพย์และก่อสร้าง
TK,บริษัท ฐิติกร จำกัด (มหาชน),SET,ธุรกิจการเงิน/เงินทุนและหลักทรัพย์
TKN,บริษัท เถ้าแก่น้อย ฟู๊ดแอนด์มาร์เก็ตติ้ง จำกัด (มหาชน),SET,เกษตรและอุตสาหกรรมอาหาร/อาหารและเครื่องดื่ม
TKS,บริษัท ที.เค.เอส. เทคโนโลยี จำกัด (มหาชน),SET,บริการ/สื่อและสิ่งพิมพ์
TKT,บริษัท ที.กรุงไทยอุตสาหกรรม จำกัด (มหาชน),SET,สินค้าอุตสาหกรรม/ยานยนต์
TLHPF,กองทุนรวมอสังหาริมทรัพย์ ไทยแลนด์ โฮสพีทาลิตี้,SET,อสังหาริมทรัพย์และก่อสร้าง/กองทุนรวมอสังหาริมทรัพย์และกองทรัสต์เพื่อการลงทุนในอสังหาริมทรัพย์
TM,บริษัท เทคโนเมดิคัล จำกัด (มหาชน),mai,สินค้าอุปโภคบริโภค
TMC,บริษัท ที.เอ็ม.ซี. อุตสาหกรรม จำกัด (มหาชน),mai,สินค้าอุตสาหกรรม
TMD,บริษัท อุตสาหกรรมถังโลหะไทย จำกัด (มหาชน),SET,สินค้าอุตสาหกรรม/บรรจุภัณฑ์
TMI,บริษัท ธีระมงคล อุตสาหกรรม จำกัด (มหาชน),mai,สินค้าอุตสาหกรรม
TMILL,บริษัท ที เอส ฟลาวมิลล์ จำกัด (มหาชน),mai,เกษตรและอุตสาหกรรมอาหาร
TMT,บริษัท ทีเอ็มที สตีล จำกัด (มหาชน),SET,สินค้าอุตสาหกรรม/เหล็ก และ ผลิตภัณฑ์โลหะ
TMW,บริษัท ไทยมิตซูวา จำกัด (มหาชน),mai,สินค้าอุตสาหกรรม
TNDT,บริษัท ไทย เอ็น ดี ที จำกัด (มหาชน),mai,บริการ
TNH,บริษัท โรงพยาบาลไทยนครินทร์ จำกัด (มหาชน),mai,บริการ
TNITY,บริษัท ทรีนีตี้ วัฒนา จำกัด (มหาชน),SET,ธุรกิจการเงิน/เงินทุนและหลักทรัพย์
TNL,บริษัท ธนูลักษณ์ จำกัด (มหาชน),SET,สินค้าอุปโภคบริโภค/แฟชั่น
TNP,บริษัท ธนพิริยะ จำกัด (มหาชน),mai,บริการ
TNPC,บริษัท ไทยนามพลาสติกส์ จำกัด (มหาชน),SET,สินค้าอุตสาหกรรม/ยานยนต์
TNPF,กองทุนรวมอสังหาริมทรัพย์และสิทธิการเช่าตรีนิตี้,SET,อสังหาริมทรัพย์และก่อสร้าง/กองทุนรวมอสังหาริมทรัพย์และกองทรัสต์เพื่อการลงทุนในอสังหาริมทรัพย์
TNR,บริษัท ไทยนิปปอนรับเบอร์อินดัสตรี้ จำกัด (มหาชน),SET,สินค้าอุปโภคบริโภค/ของใช้ส่วนตัวและเวชภัณฑ์
TOA,บริษัท ทีโอเอ เพ้นท์ (ประเทศไทย) จำกัด (มหาชน),SET,อสังหาริมทรัพย์และก่อสร้าง/วัสดุก่อสร้าง
TOG,บริษัท ไทยออพติคอล กรุ๊ป จำกัด (มหาชน),SET,สินค้าอุปโภคบริโภค/ของใช้ส่วนตัวและเวชภัณฑ์
TOP,บริษัท ไทยออยล์ จำกัด (มหาชน),SET,ทรัพยากร/พลังงานและสาธารณูปโภค
TOPP,บริษัท ไทย โอ.พี.พี. จำกัด (มหาชน),SET,สินค้าอุตสาหกรรม/บรรจุภัณฑ์
TPA,บริษัท ไทยโพลีอะคริลิค จำกัด (มหาชน),SET,สินค้าอุตสาหกรรม/ปิโตรเคมีและเคมีภัณฑ์
TPAC,บริษัท พลาสติค และหีบห่อไทย จำกัด (มหาชน),mai,สินค้าอุตสาหกรรม
TPBI,บริษัท ทีพีบีไอ จำกัด (มหาชน),SET,สินค้าอุตสาหกรรม/บรรจุภัณฑ์
TPCH,บริษัท ทีพีซี เพาเวอร์โฮลดิ้ง จำกัด (มหาชน),mai,ทรัพยากร
TPCS,บริษัท ทีพีซีเอส จำกัด (มหาชน),SET,สินค้าอุตสาหกรรม/วัสดุอุตสาหกรรมและเครื่องจักร
TPIPL,บริษัท ทีพีไอ โพลีน จำกัด (มหาชน),SET,อสังหาริมทรัพย์และก่อสร้าง/วัสดุก่อสร้าง
TPIPP,บริษัท ทีพีไอ โพลีน เพาเวอร์ จำกัด (มหาชน),SET,ทรัพยากร/พลังงานและสาธารณูปโภค
TPLAS,บริษัท ไทยอุตสาหกรรมพลาสติก (1994) จำกัด (มหาชน),mai,สินค้าอุตสาหกรรม
TPOLY,บริษัท ไทยโพลีคอนส์ จำกัด (มหาชน),SET,อสังหาริมทรัพย์และก่อสร้าง/บริการรับเหมาก่อสร้าง
TPP,บริษัท ไทยบรรจุภัณฑ์และการพิมพ์ จำกัด (มหาชน),SET,สินค้าอุตสาหกรรม/บรรจุภัณฑ์
TPRIME,ทรัสต์เพื่อการลงทุนในอสังหาริมทรัพย์และสิทธิการเช่าไทยแลนด์ ไพร์ม พร็อพเพอร์ตี้,SET,อสังหาริมทรัพย์และก่อสร้าง/กองทุนรวมอสังหาริมทรัพย์และกองทรัสต์เพื่อการลงทุนในอสังหาริมทรัพย์
TPS,บริษัท เดอะแพรคทิเคิลโซลูชั่น จำกัด (มหาชน),mai,เทคโนโลยี
TQM,บริษัท ทีคิวเอ็ม คอร์ปอเรชั่น จำกัด (มหาชน),SET,ธุรกิจการเงิน/ประกันภัยและประกันชีวิต
TQR,บริษัท ที คิว อาร์ จำกัด (มหาชน),mai,ธุรกิจการเงิน
TR,บริษัท ไทยเรยอน จำกัด (มหาชน),SET,สินค้าอุปโภคบริโภค/แฟชั่น
TRC,บริษัท ทีอาร์ซี คอนสตรัคชั่น จำกัด (มหาชน),SET,อสังหาริมทรัพย์และก่อสร้าง/บริการรับเหมาก่อสร้าง
TRITN,บริษัท ไทรทัน โฮลดิ้ง จำกัด (มหาชน),SET,อสังหาริมทรัพย์และก่อสร้าง/บริการรับเหมาก่อสร้าง
TRT,บริษัท ถิรไทย จำกัด (มหาชน),mai,ทรัพยากร
TRU,บริษัท ไทยรุ่งยูเนียนคาร์ จำกัด (มหาชน),SET,สินค้าอุตสาหกรรม/ยานยนต์
TRUBB,บริษัท ไทยรับเบอร์ลาเท็คซ์กรุ๊ป จำกัด (มหาชน),SET,เกษตรและอุตสาหกรรมอาหาร/ธุรกิจการเกษตร
TRUE,บริษัท ทรู คอร์ปอเรชั่น จำกัด (มหาชน),SET,เทคโนโลยี/เทคโนโลยีสารสนเทศและการสื่อสาร
TSC,บริษัท ไทยสตีลเคเบิล จำกัด (มหาชน),SET,สินค้าอุตสาหกรรม/ยานยนต์
TSE,บริษัท ไทย โซล่าร์ เอ็นเนอร์ยี่ จำกัด (มหาชน),SET,ทรัพยากร/พลังงานและสาธารณูปโภค
TSF,บริษัท ทรีซิกตี้ไฟว์ จำกัด (มหาชน),mai,บริการ
TSI,บริษัท ไทยเศรษฐกิจประกันภัย จำกัด (มหาชน),SET,ธุรกิจการเงิน/ประกันภัยและประกันชีวิต
TSR,บริษัท เธียรสุรัตน์ จำกัด (มหาชน),SET,สินค้าอุปโภคบริโภค/ของใช้ในครัวเรือนและสำนักงาน
TSTE,บริษัท ไทยชูการ์ เทอร์มิเนิ้ล จำกัด (มหาชน),SET,บริการ/ขนส่งและโลจิสติกส์
TSTH,บริษัท ทาทา สตีล (ประเทศไทย) จำกัด (มหาชน),SET,สินค้าอุตสาหกรรม/เหล็ก และ ผลิตภัณฑ์โลหะ
TTA,บริษัท โทรีเซนไทย เอเยนต์ซีส์ จำกัด (มหาชน),SET,บริการ/ขนส่งและโลจิสติกส์
TTB,ธนาคารทหารไทยธนชาต จำกัด (มหาชน),SET,ธุรกิจการเงิน/ธนาคาร
TTCL,บริษัท ทีทีซีแอล จำกัด (มหาชน),SET,อสังหาริมทรัพย์และก่อสร้าง/บริการรับเหมาก่อสร้าง
TTI,บริษัท โรงงานผ้าไทย จำกัด (มหาชน),SET,สินค้าอุปโภคบริโภค/แฟชั่น
TTLPF,กองทุนรวมสิทธิการเช่าอสังหาริมทรัพย์ตลาดไท,SET,อสังหาริมทรัพย์และก่อสร้าง/กองทุนรวมอสังหาริมทรัพย์และกองทรัสต์เพื่อการลงทุนในอสังหาริมทรัพย์
TTT,บริษัท โทเร เท็กซ์ไทล์ (ประเทศไทย) จำกัด (มหาชน),SET,สินค้าอุปโภคบริโภค/แฟชั่น
TTW,บริษัท ทีทีดับบลิว จำกัด (มหาชน),SET,ทรัพยากร/พลังงานและสาธารณูปโภค
TU,บริษัท ไทยยูเนี่ยน กรุ๊ป จำกัด (มหาชน),SET,เกษตรและอุตสาหกรรมอาหาร/อาหารและเครื่องดื่ม
TU-PF,กองทุนรวมสิทธิการเช่าอสังหาริมทรัพย์ ที ยู โดม เรสซิเดนท์เชียล คอมเพล็กซ์,SET,อสังหาริมทรัพย์และก่อสร้าง/กองทุนรวมอสังหาริมทรัพย์และกองทรัสต์เพื่อการลงทุนในอสังหาริมทรัพย์
TVD,บริษัท ทีวี ไดเร็ค จำกัด (มหาชน),mai,บริการ
TVI,บริษัท ประกันภัยไทยวิวัฒน์ จำกัด (มหาชน),SET,ธุรกิจการเงิน/ประกันภัยและประกันชีวิต
TVO,บริษัท น้ำมันพืชไทย จำกัด (มหาชน),SET,เกษตรและอุตสาหกรรมอาหาร/อาหารและเครื่องดื่ม
TVT,บริษัท ทีวี ธันเดอร์ จำกัด (มหาชน),mai,บริการ
TWP,บริษัท ไทยไวร์โพรดัคท์ จำกัด (มหาชน),SET,สินค้าอุตสาหกรรม/เหล็ก และ ผลิตภัณฑ์โลหะ
TWPC,บริษัท ไทยวา จำกัด (มหาชน),SET,เกษตรและอุตสาหกรรมอาหาร/ธุรกิจการเกษตร
TWZ,บริษัท ทีดับบลิวแซด คอร์ปอเรชั่น จำกัด (มหาชน),SET,เทคโนโลยี/เทคโนโลยีสารสนเทศและการสื่อสาร
TYCN,บริษัทไทยคูน เวิลด์ไวด์ กรุ๊ป (ประเทศไทย) จำกัด (มหาชน),SET,สินค้าอุตสาหกรรม/เหล็ก และ ผลิตภัณฑ์โลหะ
U,บริษัท ยู ซิตี้ จำกัด (มหาชน),SET,อสังหาริมทรัพย์และก่อสร้าง/พัฒนาอสังหาริมทรัพย์
UAC,บริษัท ยูเอซี โกลบอล จำกัด (มหาชน),SET,สินค้าอุตสาหกรรม/ปิโตรเคมีและเคมีภัณฑ์
UBIS,บริษัท ยูบิส (เอเชีย) จำกัด (มหาชน),mai,สินค้าอุตสาหกรรม
UEC,บริษัท ยูนิมิต เอนจิเนียริ่ง จำกัด (มหาชน),mai,สินค้าอุตสาหกรรม
UKEM,บริษัท ยูเนี่ยน ปิโตรเคมีคอล จำกัด (มหาชน),mai,สินค้าอุตสาหกรรม
UMI,บริษัท สหโมเสคอุตสาหกรรม จำกัด (มหาชน),SET,อสังหาริมทรัพย์และก่อสร้าง/วัสดุก่อสร้าง
UMS,บริษัท ยูนิค ไมนิ่ง เซอร์วิสเซส จำกัด (มหาชน),mai,ทรัพยากร
UNIQ,บริษัท ยูนิค เอ็นจิเนียริ่ง แอนด์ คอนสตรัคชั่น จำกัด (มหาชน),SET,อสังหาริมทรัพย์และก่อสร้าง/บริการรับเหมาก่อสร้าง
UOBKH,บริษัทหลักทรัพย์ ยูโอบี เคย์เฮียน (ประเทศไทย) จำกัด (มหาชน),SET,ธุรกิจการเงิน/เงินทุนและหลักทรัพย์
UP,บริษัท ยูเนี่ยนพลาสติก จำกัด (มหาชน),SET,สินค้าอุตสาหกรรม/ปิโตรเคมีและเคมีภัณฑ์
UPA,บริษัท ยูไนเต็ด เพาเวอร์ ออฟ เอเชีย จำกัด (มหาชน),mai,ทรัพยากร
UPF,บริษัท ยูเนี่ยนไพโอเนียร์ จำกัด (มหาชน),SET,สินค้าอุปโภคบริโภค/แฟชั่น
UPOIC,บริษัท สหอุตสาหกรรมน้ำมันปาล์ม จำกัด (มหาชน),SET,เกษตรและอุตสาหกรรมอาหาร/ธุรกิจการเกษตร
URBNPF,กองทุนรวมสิทธิการเช่าอสังหาริมทรัพย์เออร์บานา,SET,อสังหาริมทรัพย์และก่อสร้าง/กองทุนรวมอสังหาริมทรัพย์และกองทรัสต์เพื่อการลงทุนในอสังหาริมทรัพย์
UREKA,บริษัท ยูเรกา ดีไซน์ จำกัด (มหาชน),mai,สินค้าอุตสาหกรรม
UT,บริษัท ยูเนี่ยนอุตสาหกรรมสิ่งทอ จำกัด (มหาชน),SET,สินค้าอุปโภคบริโภค/แฟชั่น
UTP,บริษัท ยูไนเต็ด เปเปอร์ จำกัด (มหาชน),SET,สินค้าอุตสาหกรรม/กระดาษและวัสดุการพิมพ์
UV,บริษัท ยูนิเวนเจอร์ จำกัด (มหาชน),SET,อสังหาริมทรัพย์และก่อสร้าง/พัฒนาอสังหาริมทรัพย์
UVAN,บริษัท ยูนิวานิชน้ำมันปาล์ม จำกัด (มหาชน),SET,เกษตรและอุตสาหกรรมอาหาร/ธุรกิจการเกษตร
VARO,บริษัท วโรปกรณ์ จำกัด (มหาชน),SET,สินค้าอุตสาหกรรม/วัสดุอุตสาหกรรมและเครื่องจักร
VCOM,บริษัท วินท์คอม เทคโนโลยี จำกัด (มหาชน),mai,เทคโนโลยี
VGI,บริษัท วีจีไอ จำกัด (มหาชน),SET,บริการ/สื่อและสิ่งพิมพ์
VIBHA,บริษัท โรงพยาบาลวิภาวดี จำกัด (มหาชน),SET,บริการ/การแพทย์
VIH,บริษัท ศรีวิชัยเวชวิวัฒน์ จำกัด (มหาชน),SET,บริการ/การแพทย์
VL,บริษัท วี.แอล.เอ็นเตอร์ไพรส์ จำกัด (มหาชน),mai,บริการ
VNG,บริษัท วนชัย กรุ๊ป จำกัด (มหาชน),SET,อสังหาริมทรัพย์และก่อสร้าง/วัสดุก่อสร้าง
VNT,บริษัท วีนิไทย จำกัด (มหาชน),SET,สินค้าอุตสาหกรรม/ปิโตรเคมีและเคมีภัณฑ์
VPO,บริษัท วิจิตรภัณฑ์ปาล์มออยล์ จำกัด (มหาชน),SET,เกษตรและอุตสาหกรรมอาหาร/ธุรกิจการเกษตร
VRANDA,บริษัท วีรันดา รีสอร์ท จำกัด (มหาชน),SET,บริการ/การท่องเที่ยวและสันทนาการ
W,บริษัท วาว แฟคเตอร์ จำกัด (มหาชน),SET,เกษตรและอุตสาหกรรมอาหาร/อาหารและเครื่องดื่ม
WACOAL,บริษัท ไทยวาโก้ จำกัด (มหาชน),SET,สินค้าอุปโภคบริโภค/แฟชั่น
WAVE,บริษัท เวฟ เอ็นเตอร์เทนเมนท์ จำกัด (มหาชน),SET,บริการ/สื่อและสิ่งพิมพ์
WGE,บริษัท เวล เกรด เอ็นจิเนียริ่ง จำกัด (มหาชน),SET,อสังหาริมทรัพย์และก่อสร้าง/บริการรับเหมาก่อสร้าง
WHA,บริษัท ดับบลิวเอชเอ คอร์ปอเรชั่น จำกัด (มหาชน),SET,อสังหาริมทรัพย์และก่อสร้าง/พัฒนาอสังหาริมทรัพย์
WHABT,ทรัสต์เพื่อการลงทุนในอสังหาริมทรัพย์และสิทธิการเช่าดับบลิวเอชเอ บิสซิเนส คอมเพล็กซ์,SET,อสังหาริมทรัพย์และก่อสร้าง/กองทุนรวมอสังหาริมทรัพย์และกองทรัสต์เพื่อการลงทุนในอสังหาริมทรัพย์
WHART,ทรัสต์เพื่อการลงทุนในอสังหาริมทรัพย์และสิทธิการเช่าดับบลิวเอชเอ พรีเมี่ยม โกรท,SET,อสังหาริมทรัพย์และก่อสร้าง/กองทุนรวมอสังหาริมทรัพย์และกองทรัสต์เพื่อการลงทุนในอสังหาริมทรัพย์
WHAUP,บริษัท ดับบลิวเอชเอ ยูทิลิตี้ส์ แอนด์ พาวเวอร์ จำกัด (มหาชน),SET,ทรัพยากร/พลังงานและสาธารณูปโภค
WICE,บริษัท ไวส์ โลจิสติกส์ จำกัด (มหาชน),SET,บริการ/ขนส่งและโลจิสติกส์
WIIK,บริษัท วิค จำกัด (มหาชน),SET,อสังหาริมทรัพย์และก่อสร้าง/วัสดุก่อสร้าง
WIN,บริษัท สวนอุตสาหกรรม วินโคสท์ จำกัด (มหาชน),SET,อสังหาริมทรัพย์และก่อสร้าง/พัฒนาอสังหาริมทรัพย์
WINMED,บริษัท วินเนอร์ยี่ เมดิคอล จำกัด (มหาชน),mai,สินค้าอุปโภคบริโภค
WINNER,บริษัท วินเนอร์กรุ๊ป เอ็นเตอร์ไพรซ์ จำกัด (มหาชน),mai,บริการ
WORK,บริษัท เวิร์คพอยท์ เอ็นเทอร์เทนเมนท์ จำกัด (มหาชน),SET,บริการ/สื่อและสิ่งพิมพ์
WORLD,บริษัท เวิลด์ คอร์ปอเรชั่น จำกัด (มหาชน),SET,หมวดบริษัทจดทะเบียนที่อยู่ระหว่างฟื้นฟูการดำเนินงาน
WP,บริษัท ดับบลิวพี เอ็นเนอร์ยี่ จำกัด (มหาชน),SET,ทรัพยากร/พลังงานและสาธารณูปโภค
WPH,บริษัท โรงพยาบาลวัฒนแพทย์ ตรัง จำกัด (มหาชน),SET,บริการ/การแพทย์
XO,บริษัท เอ็กโซติค ฟู้ด จำกัด (มหาชน),mai,เกษตรและอุตสาหกรรมอาหาร
XPG,บริษัท เอ็กซ์สปริง แคปปิตอล จำกัด (มหาชน),SET,ธุรกิจการเงิน/เงินทุนและหลักทรัพย์
YGG,บริษัท อิ๊กดราซิล กรุ๊ป จำกัด (มหาชน),mai,บริการ
YUASA,บริษัท ยัวซ่าแบตเตอรี่ ประเทศไทย จำกัด (มหาชน),mai,สินค้าอุตสาหกรรม
ZEN,บริษัท เซ็น คอร์ปอเรชั่น กรุ๊ป จำกัด (มหาชน),SET,เกษตรและอุตสาหกรรมอาหาร/อาหารและเครื่องดื่ม
ZIGA,บริษัท ซิก้า อินโนเวชั่น จำกัด (มหาชน),mai,สินค้าอุตสาหกรรม
2S,บริษัท 2 เอส เมทัล จำกัด (มหาชน),SET,สินค้าอุตสาหกรรม/เหล็ก และ ผลิตภัณฑ์โลหะ
3K-BAT,บริษัท ไทย เอ็นเนอร์จี สโตเรจ เทคโนโลยี จำกัด (มหาชน),SET,สินค้าอุตสาหกรรม/ยานยนต์
7UP,บริษัท เซเว่น ยูทิลิตี้ส์ แอนด์ พาวเวอร์ จำกัด (มหาชน),SET,ทรัพยากร/พลังงานและสาธารณูปโภค
